"month","day","source","sourcePart","conspectName","planName","status","matchedRow","matchedSvg","matchedFolder","score","originalTopicNote"
"02","4","react or client.js.css area.pdf","1","string join","string join","MATCH_EXACT","extra-045","string join.svg","string join","1","string join;parse string to int, convert char;find index array string"
"02","4","react or client.js.css area.pdf","1","parse string to int, convert char","parse string to int, convert char","MATCH_EXACT","98","parse string to int, convert char.svg","parse string to int, convert char","1","string join;parse string to int, convert char;find index array string"
"02","4","react or client.js.css area.pdf","1","find index array string","find index array string","MATCH_EXACT","32","find index array string.svg","find index array string","1","string join;parse string to int, convert char;find index array string"
"02","4","react or client.js.css area.pdf","1","map and weakmap js","map and weakmap js","MATCH_EXACT","38","map and weakmap js.svg","map and weakmap js","1","map and weakmap js;set js;"
"02","4","react or client.js.css area.pdf","1","set js","set js","MATCH_EXACT","24","set js.svg","set js","1","map and weakmap js;set js;"
"02","5","react or client.js.css area.pdf","1","js sorting","js sorting","MATCH_EXACT","216","js sorting.svg","js sorting","1","js sorting;js iterate, index;create array, fixed length;"
"02","5","react or client.js.css area.pdf","1","js iterate, index","js iterate, index","MATCH_EXACT","214","js iterate, index.svg","js iterate, index","1","js sorting;js iterate, index;create array, fixed length;"
"02","5","react or client.js.css area.pdf","1","create array, fixed length","create array, fixed length","MATCH_EXACT","181","create array, fixed length.svg","create array, fixed length","1","js sorting;js iterate, index;create array, fixed length;"
"02","6","react or client.js.css area.pdf","1","interseption observer","interseption observer","MATCH_EXACT","210","interseption observer.svg","interseption observer","1","interseption observer; react render + useEffect; decorator;"
"02","6","react or client.js.css area.pdf","1","react render + useEffect","react render + useEffect","MATCH_EXACT","40","react render + useEffect.svg","react render + useEffect","1","interseption observer; react render + useEffect; decorator;"
"02","6","react or client.js.css area.pdf","1","decorator","decorator","MATCH_EXACT","184","decorator.svg","decorator","1","interseption observer; react render + useEffect; decorator;"
"02","7","asp area note 02.pdf","","middleware, writeasjson","middleware, writeasjson","MATCH_EXACT","93","middleware, writeasjson.svg","middleware-writeasjson","1","middleware, writeasjson"
"02","7","react or client.js.css area.pdf","1","block scroll","block scroll","MATCH_ACCEPTED","extra-028","scroll block.svg","scroll block","1","block scroll;FLAT FLATMAP"
"02","7","react or client.js.css area.pdf","1","FLAT FLATMAP","FLAT FLATMAP","MATCH_EXACT","29","FLAT FLATMAP.svg","FLAT FLATMAP","1","block scroll;FLAT FLATMAP"
"02","8","asp area note 02.pdf","","allocations","allocations","MATCH_EXACT","156","allocations.svg","allocations","1","allocations"
"02","8","asp area note 02.pdf","","filters","filters","MATCH_EXACT","197","filters.svg","filters","1","filters"
"02","9","asp area note 02.pdf","","scopes and idisposable","scopes and idisposable","MATCH_EXACT","102","scopes and idisposable.svg","scopes and idisposable","1","scopes and idisposable"
"02","9","asp area note 02.pdf","","routing,route params tech info, custom constraints,router matching","routing,route params tech info, custom constraints,router matching","MATCH_EXACT","extra-027","routing,route params tech info, custom constraints,router matching.svg","routing-route-params-tech-info-custom-constraints-router-matching","1","routing,route params tech info, custom constraints,router matching"
"02","9","react or client.js.css area.pdf","1","svg * ( fw_react)","svg * ( fw_react)","MATCH_ACCEPTED","extra-055","svg react.svg","svg react","1","svg * ( fw_react)"
"02","10","asp area note 02.pdf","","owned entity","owned entity","MATCH_EXACT","147","owned entity.svg","owned entity","1","owned entity"
"02","10","asp area note 02.pdf","","automatic problem details from modelstate,apicontroller filter invalidmodelstateresponsefactory","automatic problem details from modelstate,apicontroller filter invalidmodelstateresponsefactory","MATCH_EXACT","165","automatic problem details from modelstate,apicontroller filter invalidmodelstateresponsefactory.svg","automatic-problem-details-from-modelstate-apicontroller-filter-invalidmodelstateresponsefactory","1","automatic problem details from modelstate,apicontroller filter invalidmodelstateresponsefactory"
"02","10","asp area note 02.pdf","","modelstate","modelstate","MATCH_EXACT","3","modelstate.svg","modelstate","1","modelstate"
"02","10","react or client.js.css area.pdf","1","flex,centering etc","flex,centering etc","MATCH_EXACT","workspace","flex,centering etc.svg","flex,centering etc","1","flex,centering etc;flex item ,flex shrinking"
"02","10","react or client.js.css area.pdf","1","flex item ,flex shrinking","flex item ,flex shrinking","MATCH_EXACT","198","flex item ,flex shrinking.svg","flex item ,flex shrinking","1","flex,centering etc;flex item ,flex shrinking"
"02","11","react or client.js.css area.pdf","1","stacking contexts, zindex","stacking contexts, zindex","MATCH_EXACT","88","stacking contexts, zindex.svg","stacking contexts, zindex","1","stacking contexts, zindex"
"02","12","asp area note 02.pdf","","actiondescriptor,controlleractiondescriptor,endpoint,metadata, route or endpoint name, iapiendpointmetadata, ordered metadata","actiondescriptor,controlleractiondescriptor,endpoint,metadata, route or endpoint name, iapiendpointmetadata, ordered metadata","MATCH_EXACT","155","actiondescriptor,controlleractiondescriptor,endpoint,metadata, route or endpoint name, iapiendpointmetadata, ordered metadata.svg","actiondescriptor-controlleractiondescriptor-endpoint-metadata-route-or-endpoint-name-iapiendpointmetadata-ordered-metadata","1","actiondescriptor,controlleractiondescriptor,endpoint,metadata, route or endpoint name, iapiendpointmetadata, ordered metadata"
"02","12","react or client.js.css area.pdf","1","prog inline styles css","prog inline styles css","MATCH_EXACT","extra-012","prog inline styles css.svg","prog inline styles css","1","prog inline styles css;animation keyframes"
"02","12","react or client.js.css area.pdf","1","animation keyframes","animation keyframes","MATCH_EXACT","70","animation keyframes.svg","animation keyframes","1","prog inline styles css;animation keyframes"
"02","13","asp area note 02.pdf","","fluent validation","fluent validation","MATCH_EXACT","199","fluent validation.svg","fluent-validation","1","fluent validation"
"02","13","asp area note 02.pdf","","ef has conversion, value converte,comparer","ef has conversion, value converte,comparer","MATCH_EXACT","119","ef has conversion, value converte,comparer.svg","ef has conversion, value converte,comparer","1","ef has conversion, value converte,comparer"
"02","13","react or client.js.css area.pdf","1","header max width, sticky,fixed","header max width, sticky,fixed","MATCH_EXACT","135","header max width, sticky,fixed.svg","header max width, sticky,fixed","1","header max width, sticky,fixed"
"02","14","asp area note 02.pdf","","BINDING SOURCE ATTRIBUTES","BINDING SOURCE ATTRIBUTES","MATCH_EXACT","167","BINDING SOURCE ATTRIBUTES.svg","BINDING SOURCE ATTRIBUTES","1","BINDING SOURCE ATTRIBUTES; ROUTE PARAMS,QUERY STRING BASICS;ROUTING,ROUTE DESIGN, RESOURCES,ROUTING ALL GOOD PRACT IN GENERAL EXPLAINED"
"02","14","asp area note 02.pdf","","ROUTE PARAMS,QUERY STRING BASICS","ROUTE PARAMS,QUERY STRING BASICS","MATCH_EXACT","149","ROUTE PARAMS,QUERY STRING BASICS.svg","ROUTE PARAMS,QUERY STRING BASICS","1","BINDING SOURCE ATTRIBUTES; ROUTE PARAMS,QUERY STRING BASICS;ROUTING,ROUTE DESIGN, RESOURCES,ROUTING ALL GOOD PRACT IN GENERAL EXPLAINED"
"02","14","asp area note 02.pdf","","ROUTING,ROUTE DESIGN, RESOURCES,ROUTING ALL GOOD PRACT IN GENERAL EXPLAINED","ROUTING,ROUTE DESIGN, RESOURCES,ROUTING ALL GOOD PRACT IN GENERAL EXPLAINED","MATCH_EXACT","150","ROUTING,ROUTE DESIGN, RESOURCES,ROUTING ALL GOOD PRACT IN GENERAL EXPLAINED.svg","ROUTING,ROUTE DESIGN, RESOURCES,ROUTING ALL GOOD PRACT IN GENERAL EXPLAINED","1","BINDING SOURCE ATTRIBUTES; ROUTE PARAMS,QUERY STRING BASICS;ROUTING,ROUTE DESIGN, RESOURCES,ROUTING ALL GOOD PRACT IN GENERAL EXPLAINED"
"02","14","asp area note 02.pdf","","REST API BASICS","REST API BASICS","MATCH_EXACT","12","REST API BASICS.svg","REST API BASICS","1","REST API BASICS"
"02","14","asp area note 02.pdf","","CREATION REQUEST,POST REQUEST,LOCACTION HEADER,CREATED AT","CREATION REQUEST,POST REQUEST,LOCACTION HEADER,CREATED AT","MATCH_EXACT","89","CREATION REQUEST,POST REQUEST,LOCACTION HEADER,CREATED AT.svg","CREATION REQUEST,POST REQUEST,LOCACTION HEADER,CREATED AT","1","CREATION REQUEST,POST REQUEST,LOCACTION HEADER,CREATED AT"
"02","14","react or client.js.css area.pdf","1","scroll block","scroll block","MATCH_EXACT","extra-028","scroll block.svg","scroll block","1","scroll block"
"02","15","asp area note 02.pdf","","HEAD REQUEST","HEAD REQUEST","MATCH_EXACT","145","HEAD REQUEST.svg","HEAD REQUEST","1","HEAD REQUEST; ROUTE NESTING"
"02","15","asp area note 02.pdf","","ROUTE NESTING","ROUTE NESTING","MATCH_EXACT","148","ROUTE NESTING.svg","ROUTE NESTING","1","HEAD REQUEST; ROUTE NESTING"
"02","15","asp area note 02.pdf","","ETAG, e tag","ETAG, e tag","MATCH_EXACT","96","ETAG, e tag.svg","ETAG, e tag","1","ETAG, e tag;last modified header, implementation, expirational model"
"02","15","asp area note 02.pdf","","last modified header, implementation, expirational model","last modified header, implementation, expirational model","MATCH_EXACT","146","last modified header, implementation, expirational model.svg","last modified header, implementation, expirational model","1","ETAG, e tag;last modified header, implementation, expirational model"
"02","15","asp area note 02.pdf","","PUT,PATCH","PUT,PATCH","MATCH_EXACT","43","PUT,PATCH.svg","PUT,PATCH","1","PUT,PATCH"
"02","15","react or client.js.css area.pdf","1","BEM","BEM","MATCH_EXACT","63","BEM.svg","BEM","1","BEM"
"02","16","asp area note 02.pdf","","options requ","options requ","MATCH_EXACT","25","options requ.svg","options requ","1","options requ;IVALIDATABLE OBJECT, VALIDATION ATTRIBUTES;FILTERING AND SEARCHING"
"02","16","asp area note 02.pdf","","IVALIDATABLE OBJECT, VALIDATION ATTRIBUTES","IVALIDATABLE OBJECT, VALIDATION ATTRIBUTES","MATCH_EXACT","211","IVALIDATABLE OBJECT, VALIDATION ATTRIBUTES.svg","IVALIDATABLE OBJECT, VALIDATION ATTRIBUTES","1","options requ;IVALIDATABLE OBJECT, VALIDATION ATTRIBUTES;FILTERING AND SEARCHING"
"02","16","asp area note 02.pdf","","FILTERING AND SEARCHING","FILTERING AND SEARCHING","MATCH_EXACT","143","FILTERING AND SEARCHING.svg","FILTERING AND SEARCHING","1","options requ;IVALIDATABLE OBJECT, VALIDATION ATTRIBUTES;FILTERING AND SEARCHING"
"02","16","asp area note 02.pdf","","REST API BASICS","REST API BASICS","MATCH_EXACT","12","REST API BASICS.svg","REST API BASICS","1","REST API BASICS"
"02","16","asp area note 02.pdf","","SORTING,MAPPING SERVICE","SORTING,MAPPING SERVICE","MATCH_EXACT","54","SORTING,MAPPING SERVICE.svg","SORTING,MAPPING SERVICE","1","SORTING,MAPPING SERVICE"
"02","17","asp area note 02.pdf","","PAGING","PAGING","MATCH_EXACT","77","PAGING.svg","PAGING","1","PAGING;data shaping,expando;root document"
"02","17","asp area note 02.pdf","","data shaping,expando","data shaping,expando","MATCH_EXACT","142","data shaping,expando.svg","data shaping,expando","1","PAGING;data shaping,expando;root document"
"02","17","asp area note 02.pdf","","root document","root document","MATCH_EXACT","66","root document.svg","root document","1","PAGING;data shaping,expando;root document"
"02","17","asp area note 02.pdf","","hateoas","hateoas","MATCH_EXACT","2","hateoas.svg","hateoas","1","hateoas"
"02","18","asp area note 02.pdf","","CONTENT NEGOTIATION RES API,FORMATTERS, XML,JSON","CONTENT NEGOTIATION RES API,FORMATTERS, XML,JSON","MATCH_EXACT","35","CONTENT NEGOTIATION RES API,FORMATTERS, XML,JSON.svg","CONTENT NEGOTIATION RES API,FORMATTERS, XML,JSON","1","CONTENT NEGOTIATION RES API,FORMATTERS, XML,JSON"
"02","18","asp area note 02.pdf","","FULL CONTENT NEG + VALIDATION FLOW","FULL CONTENT NEG + VALIDATION FLOW","MATCH_EXACT","144","FULL CONTENT NEG + VALIDATION FLOW.svg","FULL CONTENT NEG + VALIDATION FLOW","1","FULL CONTENT NEG + VALIDATION FLOW"
"02","19","asp area note 02.pdf","","vary header","vary header","MATCH_EXACT","151","vary header.svg","vary header","1","vary header;cache control headers and response caching"
"02","19","asp area note 02.pdf","","cache control headers and response caching","cache control headers and response caching","MATCH_EXACT","141","cache control headers and response caching.svg","cache control headers and response caching","1","vary header;cache control headers and response caching"
"02","19","asp area note 02.pdf","","streaming","streaming","MATCH_EXACT","extra-040","streaming.svg","streaming","1","streaming"
"02","19","asp area note 02.pdf","","async processing of multiple calls,parallelism","async processing of multiple calls,parallelism","MATCH_EXACT","15","async processing of multiple calls,parallelism.svg","async processing of multiple calls,parallelism","1","async processing of multiple calls,parallelism"
"02","19","asp area note 02.pdf","","""cancellation,async""","""cancellation,async""","MATCH_EXACT","169","cancellation,async.svg","cancellation,async","1","""cancellation,async""; valuetask;membernotnull attribute,NULL"
"02","19","asp area note 02.pdf","","valuetask","valuetask","MATCH_EXACT","140","valuetask.svg","valuetask","1","""cancellation,async""; valuetask;membernotnull attribute,NULL"
"02","19","asp area note 02.pdf","","membernotnull attribute,NULL","membernotnull attribute,NULL","MATCH_EXACT","60","membernotnull attribute,NULL.svg","membernotnull attribute,NULL","1","""cancellation,async""; valuetask;membernotnull attribute,NULL"
"02","20","asp area note 02.pdf","","problem details","problem details","MATCH_EXACT","104","problem details.svg","problem details","1","problem details; FILTER,MIDDLEWARE CANCELLATION,REQUEST ABORTED; QS PREFERENCE WITH MULTIPLE ACCEPT HEADER VALUES HELPER"
"02","20","asp area note 02.pdf","","FILTER,MIDDLEWARE CANCELLATION,REQUEST ABORTED","FILTER,MIDDLEWARE CANCELLATION,REQUEST ABORTED","MATCH_EXACT","196","FILTER,MIDDLEWARE CANCELLATION,REQUEST ABORTED.svg","FILTER,MIDDLEWARE CANCELLATION,REQUEST ABORTED","1","problem details; FILTER,MIDDLEWARE CANCELLATION,REQUEST ABORTED; QS PREFERENCE WITH MULTIPLE ACCEPT HEADER VALUES HELPER"
"02","20","asp area note 02.pdf","","QS PREFERENCE WITH MULTIPLE ACCEPT HEADER VALUES HELPER","QS PREFERENCE WITH MULTIPLE ACCEPT HEADER VALUES HELPER","MATCH_EXACT","extra-014","QS PREFERENCE WITH MULTIPLE ACCEPT HEADER VALUES HELPER.svg","qs-preference-with-multiple-accept-header-values-helper","1","problem details; FILTER,MIDDLEWARE CANCELLATION,REQUEST ABORTED; QS PREFERENCE WITH MULTIPLE ACCEPT HEADER VALUES HELPER"
"02","21","asp area note 02.pdf","","httpclient,summary,theory,base usage,jsonoptions wrapper,handlers","httpclient,summary,theory,base usage,jsonoptions wrapper,handlers","MATCH_EXACT","203","httpclient,summary,theory,base usage,jsonoptions wrapper,handlers.svg","httpclient,summary,theory,base usage,jsonoptions wrapper,handlers","1","httpclient,summary,theory,base usage,jsonoptions wrapper,handlers"
"02","21","asp area note 02.pdf","","MEDIA TYPES OF REQUESTS","MEDIA TYPES OF REQUESTS","MATCH_EXACT","226","MEDIA TYPES OF REQUESTS.svg","MEDIA TYPES OF REQUESTS","1","MEDIA TYPES OF REQUESTS"
"02","22","asp area note 02.pdf","","statuscodepages","statuscodepages","MATCH_EXACT","134","statuscodepages.svg","statuscodepages","1","statuscodepages; EXCEPTION HANDLERS ,"
"02","22","asp area note 02.pdf","","EXCEPTION HANDLERS ,","EXCEPTION HANDLERS ,","MATCH_ACCEPTED","84","EXCEPTIONHANDLERS.svg","EXCEPTIONHANDLERS","1","statuscodepages; EXCEPTION HANDLERS ,"
"02","22","asp area note 02.pdf","","ALL ABOUT REQ RES ,,,,,,,TYPES OF REQUEST CONTENT httpclient part, server part, pipereader pipewriter stream reader stream writer","ALL ABOUT REQ RES ,,,,,,,TYPES OF REQUEST CONTENT httpclient part, server part, pipereader pipewriter stream reader stream writer","MATCH_EXACT","46","ALL ABOUT REQ RES ,,,,,,,TYPES OF REQUEST CONTENT httpclient part,  server part, pipereader pipewriter stream reader stream writer.svg","ALL ABOUT REQ RES ,,,,,,,TYPES OF REQUEST CONTENT httpclient part,  server part, pipereader pipewriter stream reader stream writer","1","ALL ABOUT REQ RES ,,,,,,,TYPES OF REQUEST CONTENT httpclient part, server part, pipereader pipewriter stream reader stream writer"
"02","23","asp area note 02.pdf","","""when need to add content type, encoding""","""when need to add content type, encoding""","MATCH_EXACT","33","when need to add content type, encoding.svg","when need to add content type, encoding","1","""when need to add content type, encoding"";compression,decompression,request,response;"
"02","23","asp area note 02.pdf","","compression,decompression,request,response","compression,decompression,request,response","MATCH_EXACT","173","compression,decompression,request,response.svg","compression,decompression,request,response","1","""when need to add content type, encoding"";compression,decompression,request,response;"
"02","23","asp area note 02.pdf","","ALL ABOUT REQ RES ,,,,,,,TYPES OF REQUEST CONTENT httpclient part, server part, pipereader pipewriter stream reader stream writer","ALL ABOUT REQ RES ,,,,,,,TYPES OF REQUEST CONTENT httpclient part, server part, pipereader pipewriter stream reader stream writer","MATCH_EXACT","46","ALL ABOUT REQ RES ,,,,,,,TYPES OF REQUEST CONTENT httpclient part,  server part, pipereader pipewriter stream reader stream writer.svg","ALL ABOUT REQ RES ,,,,,,,TYPES OF REQUEST CONTENT httpclient part,  server part, pipereader pipewriter stream reader stream writer","1","ALL ABOUT REQ RES ,,,,,,,TYPES OF REQUEST CONTENT httpclient part, server part, pipereader pipewriter stream reader stream writer"
"02","23","asp area note 02.pdf","","httpcontent,custom one, readasstream buffering, compression directly to network","httpcontent,custom one, readasstream buffering, compression directly to network","MATCH_EXACT","204","httpcontent,custom one, readasstream buffering, compression directly to network.svg","httpcontent,custom one, readasstream buffering, compression directly to network","1","httpcontent,custom one, readasstream buffering, compression directly to network"
"02","23","asp area note 02.pdf","","streaming","streaming","MATCH_EXACT","extra-040","streaming.svg","streaming","1","streaming"
"02","24","asp area note 02.pdf","","httpcontext items and features","httpcontext items and features","MATCH_EXACT","205","httpcontext items and features.svg","httpcontext items and features","1","httpcontext items and features;Lazy;link generator;jsonconverter;"
"02","24","asp area note 02.pdf","","Lazy","Lazy","MATCH_EXACT","118","Lazy.svg","Lazy","1","httpcontext items and features;Lazy;link generator;jsonconverter;"
"02","24","asp area note 02.pdf","","link generator","link generator","MATCH_EXACT","221","link generator.svg","link generator","1","httpcontext items and features;Lazy;link generator;jsonconverter;"
"02","24","asp area note 02.pdf","","jsonconverter","jsonconverter","MATCH_EXACT","217","jsonconverter.svg","jsonconverter","1","httpcontext items and features;Lazy;link generator;jsonconverter;"
"02","25","asp area note 02.pdf","","problem2","problem2","MATCH_EXACT","extra-009","problem2.svg","problem2","1","problem2; event source browser"
"02","25","asp area note 02.pdf","","event source browser","event source browser","MATCH_EXACT","192","event source browser.svg","event source browser","1","problem2; event source browser"
"02","25","asp area note 02.pdf","","streaming","streaming","MATCH_EXACT","extra-040","streaming.svg","streaming","1","streaming"
"03","1","area 03 asp.pdf","","STRINGREADER","STRINGREADER","MATCH_EXACT","extra-053","STRINGREADER.svg","STRINGREADER","1","STRINGREADER; SYSTEM.TEXT.JSON SER SER;CUSTOM ROUTE CONSTRAINT;"
"03","1","area 03 asp.pdf","","SYSTEM.TEXT.JSON SER SER","SYSTEM.TEXT.JSON SER SER","MATCH_EXACT","113","SYSTEM.TEXT.JSON SER SER.svg","SYSTEM.TEXT.JSON SER SER","1","STRINGREADER; SYSTEM.TEXT.JSON SER SER;CUSTOM ROUTE CONSTRAINT;"
"03","1","area 03 asp.pdf","","CUSTOM ROUTE CONSTRAINT","CUSTOM ROUTE CONSTRAINT","MATCH_EXACT","5","CUSTOM ROUTE CONSTRAINT.svg","CUSTOM ROUTE CONSTRAINT","1","STRINGREADER; SYSTEM.TEXT.JSON SER SER;CUSTOM ROUTE CONSTRAINT;"
"03","1","react or client.js.css area.pdf","2","FETCH,FETCH AXIOS COMP, getch reader, httpclient comparison","FETCH,FETCH AXIOS COMP, getch reader, httpclient comparison","MATCH_EXACT","195","FETCH,FETCH AXIOS COMP, getch reader, httpclient comparison.svg","FETCH,FETCH AXIOS COMP, getch reader, httpclient comparison","1","FETCH,FETCH AXIOS COMP, getch reader, httpclient comparison"
"03","2","area 03 asp.pdf","","shared polly,cheat sheet,production ready verions, exceptions from pipeline and handling","shared polly,cheat sheet,production ready verions, exceptions from pipeline and handling","MATCH_EXACT","extra-032","shared polly,cheat sheet,production ready verions, exceptions from pipeline and handling.svg","shared-polly-cheat-sheet-production-ready-verions-exceptions-from-pipeline-and-handling","1","shared polly,cheat sheet,production ready verions, exceptions from pipeline and handling"
"03","2","react or client.js.css area.pdf","2","react root error, trigger useeffect on route change","react root error, trigger useeffect on route change","MATCH_EXACT","110","react root error, trigger useeffect on route change.svg","react root error, trigger useeffect on route change","1","react root error, trigger useeffect on route change;axios"
"03","2","react or client.js.css area.pdf","2","axios","axios","MATCH_EXACT","74","axios.svg","axios","1","react root error, trigger useeffect on route change;axios"
"03","3","area 03 asp.pdf","","outputcache, response cache comparison","outputcache, response cache comparison","MATCH_EXACT","extra-003","outputcache, response cache comparison.svg","outputcache, response cache comparison","1","outputcache, response cache comparison"
"03","3","react or client.js.css area.pdf","2","Rhf react hook form","Rhf react hook form","MATCH_EXACT","114","Rhf react hook form.svg","Rhf react hook form","1","Rhf react hook form;zod"
"03","3","react or client.js.css area.pdf","2","zod","zod","MATCH_EXACT","extra-076","zod.svg","zod","1","Rhf react hook form;zod"
"03","4","area 03 asp.pdf","","imemorycache","imemorycache","MATCH_EXACT","73","imemorycache.svg","imemorycache","1","imemorycache; idistributedcache;hybrydcache"
"03","4","area 03 asp.pdf","","idistributedcache","idistributedcache","MATCH_EXACT","122","idistributedcache.svg","idistributedcache","1","imemorycache; idistributedcache;hybrydcache"
"03","4","area 03 asp.pdf","","hybrydcache","hybrydcache","MATCH_EXACT","90","hybrydcache.svg","hybrydcache","1","imemorycache; idistributedcache;hybrydcache"
"03","4","area 03 asp.pdf","","options pattern","options pattern","MATCH_EXACT","69","options pattern.svg","options pattern","1","options pattern"
"03","4","react or client.js.css area.pdf","2","react router","react router","MATCH_EXACT","extra-018","react router.svg","react router","1","react router"
"03","5","area 03 asp.pdf","","base mvc razor views example,tempdata viewdata viewbag, cache tag helper","base mvc razor views example,tempdata viewdata viewbag, cache tag helper","MATCH_EXACT","131","base mvc razor views example,tempdata viewdata viewbag, cache tag helper.svg","base-mvc-razor-views-example-tempdata-viewdata-viewbag-cache-tag-helper","1","base mvc razor views example,tempdata viewdata viewbag, cache tag helper; tag helpers razor,partial;injecting into razor;viewcomponent;view discovery conventions;editor,display templates;return url implementation razor;istringlocalizer iviewlocalizer;jquery dynamic form validation;RAZOR PARTIAL UPDATES FOR VIEWCOMPONENT HTMX,AJAX"
"03","5","area 03 asp.pdf","","tag helpers razor,partial","tag helpers razor,partial","MATCH_EXACT","extra-058","tag helpers razor,partial.svg","tag helpers razor,partial","1","base mvc razor views example,tempdata viewdata viewbag, cache tag helper; tag helpers razor,partial;injecting into razor;viewcomponent;view discovery conventions;editor,display templates;return url implementation razor;istringlocalizer iviewlocalizer;jquery dynamic form validation;RAZOR PARTIAL UPDATES FOR VIEWCOMPONENT HTMX,AJAX"
"03","5","area 03 asp.pdf","","injecting into razor","injecting into razor","MATCH_EXACT","208","injecting into razor.svg","injecting into razor","1","base mvc razor views example,tempdata viewdata viewbag, cache tag helper; tag helpers razor,partial;injecting into razor;viewcomponent;view discovery conventions;editor,display templates;return url implementation razor;istringlocalizer iviewlocalizer;jquery dynamic form validation;RAZOR PARTIAL UPDATES FOR VIEWCOMPONENT HTMX,AJAX"
"03","5","area 03 asp.pdf","","viewcomponent","viewcomponent","MATCH_EXACT","extra-070","viewcomponent.svg","viewcomponent","1","base mvc razor views example,tempdata viewdata viewbag, cache tag helper; tag helpers razor,partial;injecting into razor;viewcomponent;view discovery conventions;editor,display templates;return url implementation razor;istringlocalizer iviewlocalizer;jquery dynamic form validation;RAZOR PARTIAL UPDATES FOR VIEWCOMPONENT HTMX,AJAX"
"03","5","area 03 asp.pdf","","view discovery conventions","view discovery conventions","MATCH_EXACT","31","view discovery conventions.svg","view discovery conventions","1","base mvc razor views example,tempdata viewdata viewbag, cache tag helper; tag helpers razor,partial;injecting into razor;viewcomponent;view discovery conventions;editor,display templates;return url implementation razor;istringlocalizer iviewlocalizer;jquery dynamic form validation;RAZOR PARTIAL UPDATES FOR VIEWCOMPONENT HTMX,AJAX"
"03","5","area 03 asp.pdf","","editor,display templates","editor,display templates","MATCH_EXACT","56","editor,display templates.svg","editor,display templates","1","base mvc razor views example,tempdata viewdata viewbag, cache tag helper; tag helpers razor,partial;injecting into razor;viewcomponent;view discovery conventions;editor,display templates;return url implementation razor;istringlocalizer iviewlocalizer;jquery dynamic form validation;RAZOR PARTIAL UPDATES FOR VIEWCOMPONENT HTMX,AJAX"
"03","5","area 03 asp.pdf","","return url implementation razor","return url implementation razor","MATCH_EXACT","extra-025","return url implementation razor.svg","return url implementation razor","1","base mvc razor views example,tempdata viewdata viewbag, cache tag helper; tag helpers razor,partial;injecting into razor;viewcomponent;view discovery conventions;editor,display templates;return url implementation razor;istringlocalizer iviewlocalizer;jquery dynamic form validation;RAZOR PARTIAL UPDATES FOR VIEWCOMPONENT HTMX,AJAX"
"03","5","area 03 asp.pdf","","istringlocalizer iviewlocalizer","istringlocalizer iviewlocalizer","MATCH_EXACT","83","istringlocalizer iviewlocalizer.svg","istringlocalizer iviewlocalizer","1","base mvc razor views example,tempdata viewdata viewbag, cache tag helper; tag helpers razor,partial;injecting into razor;viewcomponent;view discovery conventions;editor,display templates;return url implementation razor;istringlocalizer iviewlocalizer;jquery dynamic form validation;RAZOR PARTIAL UPDATES FOR VIEWCOMPONENT HTMX,AJAX"
"03","5","area 03 asp.pdf","","jquery dynamic form validation","jquery dynamic form validation","MATCH_EXACT","213","jquery dynamic form validation.svg","jquery dynamic form validation","1","base mvc razor views example,tempdata viewdata viewbag, cache tag helper; tag helpers razor,partial;injecting into razor;viewcomponent;view discovery conventions;editor,display templates;return url implementation razor;istringlocalizer iviewlocalizer;jquery dynamic form validation;RAZOR PARTIAL UPDATES FOR VIEWCOMPONENT HTMX,AJAX"
"03","5","area 03 asp.pdf","","RAZOR PARTIAL UPDATES FOR VIEWCOMPONENT HTMX,AJAX","RAZOR PARTIAL UPDATES FOR VIEWCOMPONENT HTMX,AJAX","MATCH_EXACT","extra-017","RAZOR PARTIAL UPDATES FOR VIEWCOMPONENT HTMX,AJAX.svg","RAZOR PARTIAL UPDATES FOR VIEWCOMPONENT HTMX,AJAX","1","base mvc razor views example,tempdata viewdata viewbag, cache tag helper; tag helpers razor,partial;injecting into razor;viewcomponent;view discovery conventions;editor,display templates;return url implementation razor;istringlocalizer iviewlocalizer;jquery dynamic form validation;RAZOR PARTIAL UPDATES FOR VIEWCOMPONENT HTMX,AJAX"
"03","5","react or client.js.css area.pdf","2","default values of funcs, how to call, rest params in funcs","default values of funcs, how to call, rest params in funcs","MATCH_EXACT","80","default values of funcs, how to call, rest params in funcs.svg","default values of funcs, how to call, rest params in funcs","1",";default values of funcs, how to call, rest params in funcs;never type, exhaustion check with discriminated union;type narrowing;index sign, keyof, type assertions, records to solve index sign issues;type aliases, unions,iterfaces"
"03","5","react or client.js.css area.pdf","2","never type, exhaustion check with discriminated union","never type, exhaustion check with discriminated union","MATCH_EXACT","227","never type, exhaustion check with discriminated union.svg","never type, exhaustion check with discriminated union","1",";default values of funcs, how to call, rest params in funcs;never type, exhaustion check with discriminated union;type narrowing;index sign, keyof, type assertions, records to solve index sign issues;type aliases, unions,iterfaces"
"03","5","react or client.js.css area.pdf","2","type narrowing","type narrowing","MATCH_EXACT","130","type narrowing.svg","type narrowing","1",";default values of funcs, how to call, rest params in funcs;never type, exhaustion check with discriminated union;type narrowing;index sign, keyof, type assertions, records to solve index sign issues;type aliases, unions,iterfaces"
"03","5","react or client.js.css area.pdf","2","index sign, keyof, type assertions, records to solve index sign issues","index sign, keyof, type assertions, records to solve index sign issues","MATCH_EXACT","206","index sign, keyof, type assertions, records to solve index sign issues.svg","index sign, keyof, type assertions, records to solve index sign issues","1",";default values of funcs, how to call, rest params in funcs;never type, exhaustion check with discriminated union;type narrowing;index sign, keyof, type assertions, records to solve index sign issues;type aliases, unions,iterfaces"
"03","5","react or client.js.css area.pdf","2","type aliases, unions,iterfaces","type aliases, unions,iterfaces","MATCH_EXACT","132","type aliases, unions,iterfaces.svg","type aliases, unions,iterfaces","1",";default values of funcs, how to call, rest params in funcs;never type, exhaustion check with discriminated union;type narrowing;index sign, keyof, type assertions, records to solve index sign issues;type aliases, unions,iterfaces"
"03","6","area 03 asp.pdf","","- EF CORE GENERAL repo shit entity shit onmodelcreat shit transactions shit dbexceptions db level invariants,protection, trigger","- EF CORE GENERAL repo shit entity shit onmodelcreat shit transactions shit dbexceptions db level invariants,protection, trigger","MATCH_EXACT","152","- EF CORE GENERAL  repo shit   entity shit   onmodelcreat shit  transactions shit  dbexceptions   db level invariants,protection, trigger.svg","ef-core-general-repo-shit-entity-shit-onmodelcreat-shit-transactions-shit-dbexceptions-db-level-invariants-protection-trigger","1","- EF CORE GENERAL repo shit entity shit onmodelcreat shit transactions shit dbexceptions db level invariants,protection, trigger"
"03","6","area 03 asp.pdf","","explicit interface inplementation","explicit interface inplementation","MATCH_EXACT","126","explicit interface inplementation.svg","explicit interface inplementation","1","explicit interface inplementation;lazy loading"
"03","6","area 03 asp.pdf","","lazy loading","lazy loading","MATCH_EXACT","92","lazy loading.svg","lazy loading","1","explicit interface inplementation;lazy loading"
"03","6","react or client.js.css area.pdf","2","redux rtk","redux","MATCH_EXACT","20","redux rtk.svg","redux rtk","1","redux;zustand;useReducer;react state and rerenders, store subscriptions"
"03","6","react or client.js.css area.pdf","2","redux basics","redux","MATCH_EXACT","extra-023","redux basics.svg","redux basics","1","redux;zustand;useReducer;react state and rerenders, store subscriptions"
"03","6","react or client.js.css area.pdf","2","zustand","zustand","MATCH_EXACT","109","zustand.svg","zustand","1","redux;zustand;useReducer;react state and rerenders, store subscriptions"
"03","6","react or client.js.css area.pdf","2","useReducer","useReducer","MATCH_EXACT","extra-065","useReducer.svg","useReducer","1","redux;zustand;useReducer;react state and rerenders, store subscriptions"
"03","6","react or client.js.css area.pdf","2","react state and rerenders, store subscriptions","react state and rerenders, store subscriptions","MATCH_EXACT","extra-019","react state and rerenders, store subscriptions.svg","react state and rerenders, store subscriptions","1","redux;zustand;useReducer;react state and rerenders, store subscriptions"
"03","7","area 03 asp.pdf","","filters","filters","MATCH_EXACT","197","filters.svg","filters","1","filters"
"03","7","area 03 asp.pdf","","ef has conversion, value converte,comparer","ef has conversion, value converte,comparer","MATCH_EXACT","119","ef has conversion, value converte,comparer.svg","ef has conversion, value converte,comparer","1","ef has conversion, value converte,comparer"
"03","7","area 03 asp.pdf","","cookie auth, antiforgery","cookie auth, antiforgery","MATCH_EXACT","75","cookie auth, antiforgery.svg","cookie auth, antiforgery","1","cookie auth, antiforgery;jwt auth;antiforgerytoken;cors vs anti forgery;usesyncexternalstore"
"03","7","area 03 asp.pdf","","jwt auth","jwt auth","MATCH_EXACT","41","jwt auth.svg","jwt auth","1","cookie auth, antiforgery;jwt auth;antiforgerytoken;cors vs anti forgery;usesyncexternalstore"
"03","7","area 03 asp.pdf","","antiforgerytoken","antiforgerytoken","MATCH_EXACT","157","antiforgerytoken.svg","antiforgerytoken","1","cookie auth, antiforgery;jwt auth;antiforgerytoken;cors vs anti forgery;usesyncexternalstore"
"03","7","area 03 asp.pdf","","cors vs anti forgery","cors vs anti forgery","MATCH_EXACT","179","cors vs anti forgery.svg","cors vs anti forgery","1","cookie auth, antiforgery;jwt auth;antiforgerytoken;cors vs anti forgery;usesyncexternalstore"
"03","7","area 03 asp.pdf","","usesyncexternalstore","usesyncexternalstore","MATCH_EXACT","extra-068","usesyncexternalstore.svg","usesyncexternalstore","1","cookie auth, antiforgery;jwt auth;antiforgerytoken;cors vs anti forgery;usesyncexternalstore"
"03","7","react or client.js.css area.pdf","2","usecontext","usecontext","MATCH_EXACT","extra-063","usecontext.svg","usecontext","1","usecontext;utility types;ctor type and instance type"
"03","7","react or client.js.css area.pdf","2","utility types","utility types","MATCH_EXACT","extra-069","utility types.svg","utility types","1","usecontext;utility types;ctor type and instance type"
"03","7","react or client.js.css area.pdf","2","ctor type and instance type","ctor type and instance type","MATCH_EXACT","108","ctor type and instance type.svg","ctor type and instance type","1","usecontext;utility types;ctor type and instance type"
"03","8","area 03 asp.pdf","","authenticaiton ticket, properties, context.User (claimsprincipal)","authenticaiton ticket, properties, context.User (claimsprincipal)","MATCH_EXACT","161","authenticaiton ticket, properties, context.User (claimsprincipal).svg","authenticaiton ticket, properties, context.User (claimsprincipal)","1","authenticaiton ticket, properties, context.User (claimsprincipal); AUTH EVENTS; AUTHORIZATION"
"03","8","area 03 asp.pdf","","AUTH EVENTS","AUTH EVENTS","MATCH_EXACT","160","AUTH EVENTS.svg","AUTH EVENTS","1","authenticaiton ticket, properties, context.User (claimsprincipal); AUTH EVENTS; AUTHORIZATION"
"03","8","area 03 asp.pdf","","AUTHORIZATION","AUTHORIZATION","MATCH_EXACT","164","AUTHORIZATION.svg","AUTHORIZATION","1","authenticaiton ticket, properties, context.User (claimsprincipal); AUTH EVENTS; AUTHORIZATION"
"03","8","react or client.js.css area.pdf","2","xhr","xhr","MATCH_EXACT","extra-074","xhr.svg","xhr","1","xhr;iframe,cross window communication,target;memory vs localstorage vs sessionstorage, session storage and local storage api methods"
"03","8","react or client.js.css area.pdf","2","iframe,cross window communication,target","iframe,cross window communication,target","MATCH_EXACT","64","iframe,cross window communication,target.svg","iframe,cross window communication,target","1","xhr;iframe,cross window communication,target;memory vs localstorage vs sessionstorage, session storage and local storage api methods"
"03","8","react or client.js.css area.pdf","2","memory vs localstorage vs sessionstorage, session storage and local storage api methods","memory vs localstorage vs sessionstorage, session storage and local storage api methods","MATCH_EXACT","30","memory vs localstorage vs sessionstorage, session storage and local storage api methods.svg","memory vs localstorage vs sessionstorage, session storage and local storage api methods","1","xhr;iframe,cross window communication,target;memory vs localstorage vs sessionstorage, session storage and local storage api methods"
"03","9","area 03 asp.pdf","","authentication,, oidc, flows , handlers , forwarding auth events","authentication,, oidc, flows , handlers , forwarding auth events","MATCH_EXACT","162","authentication,, oidc, flows , handlers , forwarding auth events.svg","authentication-oidc-flows-handlers-forwarding-auth-events","1","authentication,, oidc, flows , handlers , forwarding auth events; authorization flow,autorization options, framework, authorizationmiddlewareresulthandler"
"03","9","area 03 asp.pdf","","authorization flow,autorization options, framework, authorizationmiddlewareresulthandler","authorization flow,autorization options, framework, authorizationmiddlewareresulthandler","MATCH_EXACT","163","authorization flow,autorization options, framework, authorizationmiddlewareresulthandler.svg","authorization-flow-autorization-options-framework-authorizationmiddlewareresulthandler","1","authentication,, oidc, flows , handlers , forwarding auth events; authorization flow,autorization options, framework, authorizationmiddlewareresulthandler"
"03","9","react or client.js.css area.pdf","2","react query,rquery","react query,rquery","MATCH_EXACT","workspace","","react query,rquery","1","react query,rquery"
"03","10","area 03 asp.pdf","","hashing","hashing","MATCH_EXACT","201","hashing.svg","hashing","1","hashing;url save base 64 for db, hex string; adddataprotection, encryption, password recovery;account activation;content disposition header;donwloading files, blob,window.location,signed uri, showsavefilepicker createwritable"
"03","10","area 03 asp.pdf","","url save base 64 for db, hex string","url save base 64 for db, hex string","MATCH_EXACT","16","url save base 64 for db, hex string.svg","url save base 64 for db, hex string","1","hashing;url save base 64 for db, hex string; adddataprotection, encryption, password recovery;account activation;content disposition header;donwloading files, blob,window.location,signed uri, showsavefilepicker createwritable"
"03","10","area 03 asp.pdf","","adddataprotection, encryption, password recovery","adddataprotection, encryption, password recovery","MATCH_EXACT","34","adddataprotection, encryption, password recovery.svg","adddataprotection, encryption, password recovery","1","hashing;url save base 64 for db, hex string; adddataprotection, encryption, password recovery;account activation;content disposition header;donwloading files, blob,window.location,signed uri, showsavefilepicker createwritable"
"03","10","area 03 asp.pdf","","account activation","account activation","MATCH_EXACT","154","account activation.svg","account activation","1","hashing;url save base 64 for db, hex string; adddataprotection, encryption, password recovery;account activation;content disposition header;donwloading files, blob,window.location,signed uri, showsavefilepicker createwritable"
"03","10","area 03 asp.pdf","","content disposition header","content disposition header","MATCH_EXACT","48","content disposition header.svg","content disposition header","1","hashing;url save base 64 for db, hex string; adddataprotection, encryption, password recovery;account activation;content disposition header;donwloading files, blob,window.location,signed uri, showsavefilepicker createwritable"
"03","10","area 03 asp.pdf","","donwloading files, blob,window.location,signed uri, showsavefilepicker createwritable","donwloading files, blob,window.location,signed uri, showsavefilepicker createwritable","MATCH_EXACT","185","donwloading files, blob,window.location,signed uri, showsavefilepicker createwritable.svg","donwloading files, blob,window.location,signed uri, showsavefilepicker createwritable","1","hashing;url save base 64 for db, hex string; adddataprotection, encryption, password recovery;account activation;content disposition header;donwloading files, blob,window.location,signed uri, showsavefilepicker createwritable"
"03","10","react or client.js.css area.pdf","2","promise.all","promise.all","MATCH_EXACT","extra-013","promise.all.svg","promise.all","1","promise.all;textdecoder, encoder, streaming and processing chunks, textdecoderstream of transformstream;uintarray,blob, arraybuffer,dataview,endianness;semaphoreslim for ts js, pending promise without resolve"
"03","10","react or client.js.css area.pdf","2","textdecoder, encoder, streaming and processing chunks, textdecoderstream of transformstream","textdecoder, encoder, streaming and processing chunks, textdecoderstream of transformstream","MATCH_EXACT","115","textdecoder, encoder, streaming and processing chunks, textdecoderstream of transformstream.svg","textdecoder, encoder, streaming and processing chunks, textdecoderstream of transformstream","1","promise.all;textdecoder, encoder, streaming and processing chunks, textdecoderstream of transformstream;uintarray,blob, arraybuffer,dataview,endianness;semaphoreslim for ts js, pending promise without resolve"
"03","10","react or client.js.css area.pdf","2","uintarray,blob, arraybuffer,dataview,endianness","uintarray,blob, arraybuffer,dataview,endianness","MATCH_EXACT","50","uintarray,blob, arraybuffer,dataview,endianness.svg","uintarray,blob, arraybuffer,dataview,endianness","1","promise.all;textdecoder, encoder, streaming and processing chunks, textdecoderstream of transformstream;uintarray,blob, arraybuffer,dataview,endianness;semaphoreslim for ts js, pending promise without resolve"
"03","10","react or client.js.css area.pdf","2","semaphoreslim for ts js, pending promise without resolve","semaphoreslim for ts js, pending promise without resolve","MATCH_EXACT","extra-029","semaphoreslim for ts js, pending promise without resolve.svg","semaphoreslim for ts js, pending promise without resolve","1","promise.all;textdecoder, encoder, streaming and processing chunks, textdecoderstream of transformstream;uintarray,blob, arraybuffer,dataview,endianness;semaphoreslim for ts js, pending promise without resolve"
"03","11","area 03 asp.pdf","","google recapcha and recapchas","google recapcha and recapchas","MATCH_EXACT","112","google recapcha and recapchas.svg","google recapcha and recapchas","1","google recapcha and recapchas;mfa;identity;totp, summary,theory;creating base32 secret;"
"03","11","area 03 asp.pdf","","mfa","mfa","MATCH_EXACT","19","mfa.svg","mfa","1","google recapcha and recapchas;mfa;identity;totp, summary,theory;creating base32 secret;"
"03","11","area 03 asp.pdf","","identity","identity","MATCH_EXACT","72","identity.svg","identity","1","google recapcha and recapchas;mfa;identity;totp, summary,theory;creating base32 secret;"
"03","11","area 03 asp.pdf","","totp, summary,theory","totp, summary,theory","MATCH_EXACT","6","totp, summary,theory.svg","totp, summary,theory","1","google recapcha and recapchas;mfa;identity;totp, summary,theory;creating base32 secret;"
"03","11","area 03 asp.pdf","","creating base32 secret","creating base32 secret","MATCH_EXACT","182","creating base32 secret.svg","creating base32 secret","1","google recapcha and recapchas;mfa;identity;totp, summary,theory;creating base32 secret;"
"03","11","react or client.js.css area.pdf","2","pipethrough,transformstream,pipeto,writablestream, readablestream","pipethrough,transformstream,pipeto,writablestream, readablestream","MATCH_EXACT","extra-007","pipethrough,transformstream,pipeto,writablestream, readablestream.svg","pipethrough,transformstream,pipeto,writablestream, readablestream","1","pipethrough,transformstream,pipeto,writablestream, readablestream;js yield, asyncenumerable, finally of generator"
"03","11","react or client.js.css area.pdf","2","js yield, asyncenumerable, finally of generator","js yield, asyncenumerable, finally of generator","MATCH_EXACT","21","js yield, asyncenumerable, finally of generator.svg","js yield, asyncenumerable, finally of generator","1","pipethrough,transformstream,pipeto,writablestream, readablestream;js yield, asyncenumerable, finally of generator"
"03","12","area 03 asp.pdf","","manual account lockout,ratelimiter middleware, idatabase vs idist cache","manual account lockout,ratelimiter middleware, idatabase vs idist cache","MATCH_EXACT","225","manual account lockout,ratelimiter middleware, idatabase vs idist cache.svg","manual account lockout,ratelimiter middleware, idatabase vs idist cache","1","manual account lockout,ratelimiter middleware, idatabase vs idist cache; redis,multiplexer,redis lock; working with bytes, streams to bytes, to array readexactly,readatleast;event source browser;"
"03","12","area 03 asp.pdf","","redis,multiplexer,redis lock","redis,multiplexer,redis lock","MATCH_EXACT","extra-022","redis,multiplexer,redis lock.svg","redis-multiplexer-redis-lock","1","manual account lockout,ratelimiter middleware, idatabase vs idist cache; redis,multiplexer,redis lock; working with bytes, streams to bytes, to array readexactly,readatleast;event source browser;"
"03","12","area 03 asp.pdf","","working with bytes, streams to bytes, to array readexactly,readatleast","working with bytes, streams to bytes, to array readexactly,readatleast","MATCH_EXACT","87","working with bytes, streams to bytes, to array readexactly,readatleast.svg","working with bytes, streams to bytes, to array readexactly,readatleast","1","manual account lockout,ratelimiter middleware, idatabase vs idist cache; redis,multiplexer,redis lock; working with bytes, streams to bytes, to array readexactly,readatleast;event source browser;"
"03","12","area 03 asp.pdf","","event source browser","event source browser","MATCH_EXACT","192","event source browser.svg","event source browser","1","manual account lockout,ratelimiter middleware, idatabase vs idist cache; redis,multiplexer,redis lock; working with bytes, streams to bytes, to array readexactly,readatleast;event source browser;"
"03","12","react or client.js.css area.pdf","2","SVH DVH LVH","SVH DVH LVH","MATCH_EXACT","extra-056","SVH DVH LVH.svg","SVH DVH LVH","1","SVH DVH LVH;react strict mode;"
"03","12","react or client.js.css area.pdf","2","react strict mode","react strict mode","MATCH_EXACT","extra-020","react strict mode.svg","react strict mode","1","SVH DVH LVH;react strict mode;"
"03","13","area 03 asp.pdf","","OIDC,OAUTH, IDENTITY SERVER,BFF,authtoken, authproperties","OIDC,OAUTH, IDENTITY SERVER,BFF,authtoken, authproperties","MATCH_EXACT","229","OIDC,OAUTH, IDENTITY SERVER,BFF,authtoken, authproperties.svg","OIDC,OAUTH, IDENTITY SERVER,BFF,authtoken, authproperties","1","OIDC,OAUTH, IDENTITY SERVER,BFF,authtoken, authproperties; produces, consumes, input output formatters 406 415, vary accept,;windows auth"
"03","13","area 03 asp.pdf","","produces, consumes, input output formatters 406 415, vary accept,","produces, consumes, input output formatters 406 415, vary accept,","MATCH_EXACT","extra-011","produces, consumes, input output formatters 406 415, vary accept.svg","produces-consumes-input-output-formatters-406-415-vary-accept","1","OIDC,OAUTH, IDENTITY SERVER,BFF,authtoken, authproperties; produces, consumes, input output formatters 406 415, vary accept,;windows auth"
"03","13","area 03 asp.pdf","","windows auth","windows auth","MATCH_EXACT","extra-073","windows auth.svg","windows-auth","1","OIDC,OAUTH, IDENTITY SERVER,BFF,authtoken, authproperties; produces, consumes, input output formatters 406 415, vary accept,;windows auth"
"03","13","react or client.js.css area.pdf","2","useTransition full flow, usedebounce, useDefferedvalue","useTransition full flow, usedebounce, useDefferedvalue","MATCH_EXACT","123","useTransition full flow, usedebounce, useDefferedvalue.svg","useTransition full flow, usedebounce, useDefferedvalue","1","useTransition full flow, usedebounce, useDefferedvalue;usetransition,cancelling queries of rquery,cant cancel suspence query, batching transitions"
"03","13","react or client.js.css area.pdf","2","usetransition,cancelling queries of rquery,cant cancel suspence query, batching transitions","usetransition,cancelling queries of rquery,cant cancel suspence query, batching transitions","MATCH_EXACT","133","usetransition,cancelling queries of rquery,cant cancel suspence query, batching transitions.svg","usetransition,cancelling queries of rquery,cant cancel suspence query, batching transitions","1","useTransition full flow, usedebounce, useDefferedvalue;usetransition,cancelling queries of rquery,cant cancel suspence query, batching transitions"
"03","14","area 03 asp.pdf","","websockets","websockets","MATCH_EXACT","extra-072","websockets.svg","websockets","1","websockets;useRef to avoid including into deps array, to avoid rerenders or bad recreations"
"03","14","area 03 asp.pdf","","useRef to avoid including into deps array, to avoid rerenders or bad recreations","useRef to avoid including into deps array, to avoid rerenders or bad recreations","MATCH_EXACT","extra-066","useRef to avoid including into deps array, to avoid rerenders or bad recreations.svg","useRef to avoid including into deps array, to avoid rerenders or bad recreations","1","websockets;useRef to avoid including into deps array, to avoid rerenders or bad recreations"
"03","15","area 03 asp.pdf","","processing data as stream in dif situations, httpclient,endpoint,browser,websockets","processing data as stream in dif situations, httpclient,endpoint,browser,websockets","MATCH_EXACT","extra-010","processing data as stream in dif situations, httpclient,endpoint,browser,websockets.svg","processing data as stream in dif situations, httpclient,endpoint,browser,websockets","1","processing data as stream in dif situations, httpclient,endpoint,browser,websockets;"
"03","16","area 03 asp.pdf","","randomnumbergenerator","randomnumbergenerator","MATCH_EXACT","extra-015","randomnumbergenerator.svg","randomnumbergenerator","1","randomnumbergenerator;encoding, utf8, chunk processing,;returning iqueryable,problems when returning ienumerable without tolist, async enumerable problems,yield;hexadecimal base16 how to convert to bytes easily;decoding, bytes memory, start of x byte character"
"03","16","area 03 asp.pdf","","encoding, utf8, chunk processing,","encoding, utf8, chunk processing,","MATCH_EXACT","189","encoding, utf8, chunk processing.svg","encoding, utf8, chunk processing","1","randomnumbergenerator;encoding, utf8, chunk processing,;returning iqueryable,problems when returning ienumerable without tolist, async enumerable problems,yield;hexadecimal base16 how to convert to bytes easily;decoding, bytes memory, start of x byte character"
"03","16","area 03 asp.pdf","","returning iqueryable,problems when returning ienumerable without tolist, async enumerable problems,yield","returning iqueryable,problems when returning ienumerable without tolist, async enumerable problems,yield","MATCH_EXACT","82","returning iqueryable,problems when returning ienumerable without tolist, async enumerable problems,yield.svg","returning-iqueryable-problems-when-returning-ienumerable-without-tolist-async-enumerable-problems-yield","1","randomnumbergenerator;encoding, utf8, chunk processing,;returning iqueryable,problems when returning ienumerable without tolist, async enumerable problems,yield;hexadecimal base16 how to convert to bytes easily;decoding, bytes memory, start of x byte character"
"03","16","area 03 asp.pdf","","hexadecimal base16 how to convert to bytes easily","hexadecimal base16 how to convert to bytes easily","MATCH_EXACT","137","hexadecimal base16 how  to convert to bytes easily.svg","hexadecimal base16 how  to convert to bytes easily","1","randomnumbergenerator;encoding, utf8, chunk processing,;returning iqueryable,problems when returning ienumerable without tolist, async enumerable problems,yield;hexadecimal base16 how to convert to bytes easily;decoding, bytes memory, start of x byte character"
"03","16","area 03 asp.pdf","","decoding, bytes memory, start of x byte character","decoding, bytes memory, start of x byte character","MATCH_EXACT","97","decoding, bytes memory, start of x byte character.svg","decoding, bytes memory, start of x byte character","1","randomnumbergenerator;encoding, utf8, chunk processing,;returning iqueryable,problems when returning ienumerable without tolist, async enumerable problems,yield;hexadecimal base16 how to convert to bytes easily;decoding, bytes memory, start of x byte character"
"03","16","area 03 asp.pdf","","ETAG, e tag","ETAG, e tag","MATCH_EXACT","96","ETAG, e tag.svg","ETAG, e tag","1","ETAG, e tag"
"03","17","area 03 asp.pdf","","changetracker","changetracker","MATCH_EXACT","170","changetracker.svg","changetracker","1","changetracker;"
"03","18","area 03 asp.pdf","","partially initialized antipattern and possible partial inits inside repositories","partially initialized antipattern and possible partial inits inside repositories","MATCH_EXACT","101","partially initialized antipattern and possible partial inits inside repositories.svg","partially initialized antipattern and possible partial inits inside repositories","1","partially initialized antipattern and possible partial inits inside repositories;"
"03","18","area 03 asp.pdf","","- EF CORE GENERAL repo shit entity shit onmodelcreat shit transactions shit dbexceptions db level invariants,protection, trigger","- EF CORE GENERAL repo shit entity shit onmodelcreat shit transactions shit dbexceptions db level invariants,protection, trigger","MATCH_EXACT","152","- EF CORE GENERAL  repo shit   entity shit   onmodelcreat shit  transactions shit  dbexceptions   db level invariants,protection, trigger.svg","ef-core-general-repo-shit-entity-shit-onmodelcreat-shit-transactions-shit-dbexceptions-db-level-invariants-protection-trigger","1","- EF CORE GENERAL repo shit entity shit onmodelcreat shit transactions shit dbexceptions db level invariants,protection, trigger"
"03","19","area 03 asp.pdf","","linq to sql","linq to sql","MATCH_EXACT","224","linq to sql.svg","linq to sql","1","linq to sql;assplitquery;returning most specific passing most generic;encapsulating dbcontext;abstraction and encapsulation; linq join groupjoin groupby selectmany,selectmany second callback;query syntax"
"03","19","area 03 asp.pdf","","assplitquery","assplitquery","MATCH_EXACT","159","assplitquery.svg","assplitquery","1","linq to sql;assplitquery;returning most specific passing most generic;encapsulating dbcontext;abstraction and encapsulation; linq join groupjoin groupby selectmany,selectmany second callback;query syntax"
"03","19","area 03 asp.pdf","","returning most specific passing most generic","returning most specific passing most generic","MATCH_EXACT","extra-026","returning most specific passing most generic.svg","returning-most-specific-passing-most-generic","1","linq to sql;assplitquery;returning most specific passing most generic;encapsulating dbcontext;abstraction and encapsulation; linq join groupjoin groupby selectmany,selectmany second callback;query syntax"
"03","19","area 03 asp.pdf","","encapsulating dbcontext","encapsulating dbcontext","MATCH_EXACT","188","encapsulating dbcontext.svg","encapsulating-dbcontext","1","linq to sql;assplitquery;returning most specific passing most generic;encapsulating dbcontext;abstraction and encapsulation; linq join groupjoin groupby selectmany,selectmany second callback;query syntax"
"03","19","area 03 asp.pdf","","abstraction and encapsulation","abstraction and encapsulation","MATCH_EXACT","153","abstraction and encapsulation.svg","abstraction-and-encapsulation","1","linq to sql;assplitquery;returning most specific passing most generic;encapsulating dbcontext;abstraction and encapsulation; linq join groupjoin groupby selectmany,selectmany second callback;query syntax"
"03","19","area 03 asp.pdf","","linq join groupjoin groupby selectmany,selectmany second callback","linq join groupjoin groupby selectmany,selectmany second callback","MATCH_EXACT","222","linq join groupjoin groupby selectmany,selectmany second callback.svg","linq-join-groupjoin-groupby-selectmany-selectmany-second-callback","1","linq to sql;assplitquery;returning most specific passing most generic;encapsulating dbcontext;abstraction and encapsulation; linq join groupjoin groupby selectmany,selectmany second callback;query syntax"
"03","19","area 03 asp.pdf","","query syntax","query syntax","MATCH_ACCEPTED","223","linq query syntax.svg","linq-query-syntax","1","linq to sql;assplitquery;returning most specific passing most generic;encapsulating dbcontext;abstraction and encapsulation; linq join groupjoin groupby selectmany,selectmany second callback;query syntax"
"03","20","area 03 asp.pdf","","transaction, isolation","transaction, isolation","MATCH_EXACT","extra-060","transaction, isolation.svg","transaction, isolation","1","transaction, isolation;ef core retry, savepoints"
"03","20","area 03 asp.pdf","","ef core retry, savepoints","ef core retry, savepoints","MATCH_EXACT","187","ef core retry, savepoints.svg","ef core retry, savepoints","1","transaction, isolation;ef core retry, savepoints"
"03","20","area 03 asp.pdf","","- EF CORE GENERAL repo shit entity shit onmodelcreat shit transactions shit dbexceptions db level invariants,protection, trigger","- EF CORE GENERAL repo shit entity shit onmodelcreat shit transactions shit dbexceptions db level invariants,protection, trigger","MATCH_EXACT","152","- EF CORE GENERAL  repo shit   entity shit   onmodelcreat shit  transactions shit  dbexceptions   db level invariants,protection, trigger.svg","ef-core-general-repo-shit-entity-shit-onmodelcreat-shit-transactions-shit-dbexceptions-db-level-invariants-protection-trigger","1","- EF CORE GENERAL repo shit entity shit onmodelcreat shit transactions shit dbexceptions db level invariants,protection, trigger"
"03","21","area 03 asp.pdf","","returning iqueryable,problems when returning ienumerable without tolist, async enumerable problems,yield","returning iqueryable,problems when returning ienumerable without tolist, async enumerable problems,yield","MATCH_EXACT","82","returning iqueryable,problems when returning ienumerable without tolist, async enumerable problems,yield.svg","returning-iqueryable-problems-when-returning-ienumerable-without-tolist-async-enumerable-problems-yield","1","returning iqueryable,problems when returning ienumerable without tolist, async enumerable problems,yield;hashcode;equality;records;ref in out"
"03","21","area 03 asp.pdf","","hashcode","hashcode","MATCH_EXACT","121","hashcode.svg","hashcode","1","returning iqueryable,problems when returning ienumerable without tolist, async enumerable problems,yield;hashcode;equality;records;ref in out"
"03","21","area 03 asp.pdf","","equality","equality","MATCH_EXACT","191","equality.svg","equality","1","returning iqueryable,problems when returning ienumerable without tolist, async enumerable problems,yield;hashcode;equality;records;ref in out"
"03","21","area 03 asp.pdf","","records","records","MATCH_EXACT","extra-021","records.svg","records","1","returning iqueryable,problems when returning ienumerable without tolist, async enumerable problems,yield;hashcode;equality;records;ref in out"
"03","21","area 03 asp.pdf","","ref in out","ref in out","MATCH_EXACT","extra-024","ref in out.svg","ref in out","1","returning iqueryable,problems when returning ienumerable without tolist, async enumerable problems,yield;hashcode;equality;records;ref in out"
"03","22","area 03 asp.pdf","","channel","channel","MATCH_EXACT","171","channel.svg","channel","1","channel; lock, monitor ; semaphoreslim vs channel"
"03","22","area 03 asp.pdf","","lock, monitor","lock, monitor","MATCH_EXACT","53","lock, monitor.svg","lock-monitor","1","channel; lock, monitor ; semaphoreslim vs channel"
"03","22","area 03 asp.pdf","","semaphoreslim vs channel","semaphoreslim vs channel","MATCH_EXACT","extra-030","semaphoreslim vs channel.svg","semaphoreslim vs channel","1","channel; lock, monitor ; semaphoreslim vs channel"
"03","23","area 03 asp.pdf","","primary httphandler optoins, socket","primary httphandler optoins, socket","MATCH_EXACT","extra-008","primary httphandler optoins, socket.svg","primary httphandler optoins, socket","1","primary httphandler optoins, socket;"
"03","24","area 03 asp.pdf","","dbcontext interseptors savechanges , dbcommand","dbcontext interseptors savechanges , dbcommand","MATCH_EXACT","107","dbcontext interseptors savechanges , dbcommand.svg","dbcontext interseptors savechanges , dbcommand","1","dbcontext interseptors savechanges , dbcommand;dbset fromsql fromsqlraw fromsqlinterpolated and LINQ executeupdateasync and executedelete async,database.executesql executeraw,fromsqlquery"
"03","24","area 03 asp.pdf","","dbset fromsql fromsqlraw fromsqlinterpolated and LINQ executeupdateasync and executedelete async,database.executesql executeraw,fromsqlquery","dbset fromsql fromsqlraw fromsqlinterpolated and LINQ executeupdateasync and executedelete async,database.executesql executeraw,fromsqlquery","MATCH_EXACT","183","dbset fromsql fromsqlraw fromsqlinterpolated and LINQ executeupdateasync and executedelete async,database.executesql executeraw,fromsqlquery.svg","dbset fromsql fromsqlraw fromsqlinterpolated and LINQ executeupdateasync and executedelete async,database.executesql executeraw,fromsqlquery","1","dbcontext interseptors savechanges , dbcommand;dbset fromsql fromsqlraw fromsqlinterpolated and LINQ executeupdateasync and executedelete async,database.executesql executeraw,fromsqlquery"
"03","25","area 03 asp.pdf","","span,memory,stackalloc,stackoverflow,calculate bytes, unmanaged types","span,memory,stackalloc,stackoverflow,calculate bytes, unmanaged types","MATCH_EXACT","11","span,memory,stackalloc,stackoverflow,calculate bytes, unmanaged types.svg","span,memory,stackalloc,stackoverflow,calculate bytes, unmanaged types","1","span,memory,stackalloc,stackoverflow,calculate bytes, unmanaged types"
"04","1","react or client.js.css area.pdf","3","pseudoel, pseudo with parents stacking context, darp popup on full screen pseudo el","pseudoel, pseudo with parents stacking context, darp popup on full screen pseudo el","MATCH_EXACT","13","pseudoel, pseudo with parents stacking context, darp popup on full screen pseudo el.svg","pseudoel, pseudo with parents stacking context, darp popup on full screen pseudo el","1","pseudoel, pseudo with parents stacking context, darp popup on full screen pseudo el; useref, when need to have ref from obj created in useeffect + when need to access someting inside effect without incl into dep array"
"04","1","react or client.js.css area.pdf","3","useref, when need to have ref from obj created in useeffect + when need to access someting inside effect without incl into dep array","useref, when need to have ref from obj created in useeffect + when need to access someting inside effect without incl into dep array","MATCH_EXACT","extra-067","useref, when need to have ref from obj created in useeffect + when need to access someting inside effect without incl into dep array.svg","useref, when need to have ref from obj created in useeffect + when need to access someting inside effect without incl into dep array","1","pseudoel, pseudo with parents stacking context, darp popup on full screen pseudo el; useref, when need to have ref from obj created in useeffect + when need to access someting inside effect without incl into dep array"
"04","1","topic nots asp 4.pdf","","interlocked,interlocked.read","interlocked,interlocked.read","MATCH_EXACT","9","interlocked,interlocked.read.svg","interlocked,interlocked.read","1","interlocked,interlocked.read; objectpool,arraypool,memorypool;dbcontextpool, queryfilter;query filters ef core;"
"04","1","topic nots asp 4.pdf","","objectpool,arraypool,memorypool","objectpool,arraypool,memorypool","MATCH_EXACT","81","objectpool,arraypool,memorypool.svg","objectpool,arraypool,memorypool","1","interlocked,interlocked.read; objectpool,arraypool,memorypool;dbcontextpool, queryfilter;query filters ef core;"
"04","1","topic nots asp 4.pdf","","dbcontextpool, queryfilter","dbcontextpool, queryfilter","MATCH_EXACT","18","dbcontextpool, queryfilter.svg","dbcontextpool, queryfilter","1","interlocked,interlocked.read; objectpool,arraypool,memorypool;dbcontextpool, queryfilter;query filters ef core;"
"04","1","topic nots asp 4.pdf","","query filters ef core","query filters ef core","MATCH_EXACT","59","query filters ef core.svg","query filters ef core","1","interlocked,interlocked.read; objectpool,arraypool,memorypool;dbcontextpool, queryfilter;query filters ef core;"
"04","2","react or client.js.css area.pdf","3","persistance, zustand,rquery,redux","persistance, zustand,rquery,redux","MATCH_EXACT","extra-006","persistance, zustand,rquery,redux.svg","persistance, zustand,rquery,redux","1","persistance, zustand,rquery,redux"
"04","2","topic nots asp 4.pdf","","stored procedures","stored procedures","MATCH_EXACT","extra-039","stored procedures.svg","stored procedures","1","stored procedures;rawconnections,dbconnection,sqlconnection,commands"
"04","2","topic nots asp 4.pdf","","rawconnections,dbconnection,sqlconnection,commands","rawconnections,dbconnection,sqlconnection,commands","MATCH_EXACT","7","rawconnections,dbconnection,sqlconnection,commands.svg","rawconnections,dbconnection,sqlconnection,commands","1","stored procedures;rawconnections,dbconnection,sqlconnection,commands"
"04","3","react or client.js.css area.pdf","3","inset vs size,margins,formula","inset vs size,margins,formula","MATCH_EXACT","138","inset vs size,margins,formula.svg","inset vs size,margins,formula","1","inset vs size,margins,formula;"
"04","3","topic nots asp 4.pdf","","REFLECTION","REFLECTION","MATCH_EXACT","42","REFLECTION.svg","REFLECTION","1","REFLECTION;time;problem2; jsondocument, jsonnode, jsonelement, utf8jsonwriter"
"04","3","topic nots asp 4.pdf","","time","time","MATCH_EXACT","extra-059","time.svg","time","1","REFLECTION;time;problem2; jsondocument, jsonnode, jsonelement, utf8jsonwriter"
"04","3","topic nots asp 4.pdf","","problem2","problem2","MATCH_EXACT","extra-009","problem2.svg","problem2","1","REFLECTION;time;problem2; jsondocument, jsonnode, jsonelement, utf8jsonwriter"
"04","3","topic nots asp 4.pdf","","jsondocument, jsonnode, jsonelement, utf8jsonwriter","jsondocument, jsonnode, jsonelement, utf8jsonwriter","MATCH_EXACT","218","jsondocument, jsonnode, jsonelement, utf8jsonwriter.svg","jsondocument, jsonnode, jsonelement, utf8jsonwriter","1","REFLECTION;time;problem2; jsondocument, jsonnode, jsonelement, utf8jsonwriter"
"04","4","react or client.js.css area.pdf","3","set js","set js","MATCH_EXACT","24","set js.svg","set js","1","set js;splice;not"
"04","4","react or client.js.css area.pdf","3","splice","splice","MATCH_EXACT","76","splice.svg","splice","1","set js;splice;not"
"04","4","react or client.js.css area.pdf","3","not","not","MATCH_EXACT","228","not.svg","not","1","set js;splice;not"
"04","4","topic nots asp 4.pdf","","return new ()","return new ()","MATCH_EXACT","4","return new ().svg","return new ()","1","return new ();headers;basic auth;server resources,multipleinstances,microservices; ascii;"
"04","4","topic nots asp 4.pdf","","headers","headers","MATCH_EXACT","202","headers.svg","headers","1","return new ();headers;basic auth;server resources,multipleinstances,microservices; ascii;"
"04","4","topic nots asp 4.pdf","","basic auth","basic auth","MATCH_EXACT","51","basic auth.svg","basic auth","1","return new ();headers;basic auth;server resources,multipleinstances,microservices; ascii;"
"04","4","topic nots asp 4.pdf","","server resources,multipleinstances,microservices","server resources,multipleinstances,microservices","MATCH_EXACT","23","server resources,multipleinstances,microservices.svg","server resources,multipleinstances,microservices","1","return new ();headers;basic auth;server resources,multipleinstances,microservices; ascii;"
"04","4","topic nots asp 4.pdf","","ascii","ascii","MATCH_EXACT","139","ascii.svg","ascii","1","return new ();headers;basic auth;server resources,multipleinstances,microservices; ascii;"
"04","5","topic nots asp 4.pdf","","CORS","CORS","MATCH_EXACT","180","CORS.svg","CORS","1","CORS"
"04","6","topic nots asp 4.pdf","","ef core context.database, transaction object, savechanges, dbconnection,dbtransaction","ef core context.database, transaction object, savechanges, dbconnection,dbtransaction","MATCH_EXACT","186","ef core context.database, transaction object, savechanges, dbconnection,dbtransaction.svg","ef-core-context-database-transaction-object-savechanges-dbconnection-dbtransaction","1","ef core context.database, transaction object, savechanges, dbconnection,dbtransaction"
"04","7","topic nots asp 4.pdf","","filters","filters","MATCH_EXACT","197","filters.svg","filters","1","filters"
"04","7","topic nots asp 4.pdf","","- EF CORE GENERAL repo shit entity shit onmodelcreat shit transactions shit dbexceptions db level invariants,protection, trigger","- EF CORE GENERAL repo shit entity shit onmodelcreat shit transactions shit dbexceptions db level invariants,protection, trigger","MATCH_EXACT","152","- EF CORE GENERAL  repo shit   entity shit   onmodelcreat shit  transactions shit  dbexceptions   db level invariants,protection, trigger.svg","ef-core-general-repo-shit-entity-shit-onmodelcreat-shit-transactions-shit-dbexceptions-db-level-invariants-protection-trigger","1","- EF CORE GENERAL repo shit entity shit onmodelcreat shit transactions shit dbexceptions db level invariants,protection, trigger"
"04","8","topic nots asp 4.pdf","","server browser threads,memory, webworkers , runtime vs compiler , es","server browser threads,memory, webworkers , runtime vs compiler , es","MATCH_EXACT","extra-031","server browser threads,memory, webworkers , runtime vs compiler , es.svg","server browser threads,memory, webworkers , runtime vs compiler , es","1","server browser threads,memory, webworkers , runtime vs compiler , es;pointers; redis, idatabase,iserver;implicit operators explicit operators;"
"04","8","topic nots asp 4.pdf","","pointers","pointers","MATCH_EXACT","10","pointers.svg","pointers","1","server browser threads,memory, webworkers , runtime vs compiler , es;pointers; redis, idatabase,iserver;implicit operators explicit operators;"
"04","8","topic nots asp 4.pdf","","redis, idatabase,iserver","redis, idatabase,iserver","MATCH_EXACT","65","redis, idatabase,iserver.svg","redis, idatabase,iserver","1","server browser threads,memory, webworkers , runtime vs compiler , es;pointers; redis, idatabase,iserver;implicit operators explicit operators;"
"04","8","topic nots asp 4.pdf","","implicit operators explicit operators","implicit operators explicit operators","MATCH_EXACT","136","implicit operators  explicit operators.svg","implicit operators  explicit operators","1","server browser threads,memory, webworkers , runtime vs compiler , es;pointers; redis, idatabase,iserver;implicit operators explicit operators;"
"04","9","topic nots asp 4.pdf","","proxy, server, vite dev server proxy","proxy, server, vite dev server proxy","MATCH_EXACT","111","proxy, server, vite dev server proxy.svg","proxy, server, vite dev server proxy","1","proxy, server, vite dev server proxy; sheet hashset; sheet dict; cache control header,directives, PUBLIC PRIVATE CACHE , RESPONSE CACHE TYPES , E TAG CACHE FLOWS;outputcache layers, to use or not,locking, outputcache vs cdn"
"04","9","topic nots asp 4.pdf","","sheet hashset","sheet hashset","MATCH_EXACT","extra-035","sheet hashset.svg","sheet hashset","1","proxy, server, vite dev server proxy; sheet hashset; sheet dict; cache control header,directives, PUBLIC PRIVATE CACHE , RESPONSE CACHE TYPES , E TAG CACHE FLOWS;outputcache layers, to use or not,locking, outputcache vs cdn"
"04","9","topic nots asp 4.pdf","","sheet dict","sheet dict","MATCH_EXACT","58","sheet dict.svg","sheet dict","1","proxy, server, vite dev server proxy; sheet hashset; sheet dict; cache control header,directives, PUBLIC PRIVATE CACHE , RESPONSE CACHE TYPES , E TAG CACHE FLOWS;outputcache layers, to use or not,locking, outputcache vs cdn"
"04","9","topic nots asp 4.pdf","","cache control header,directives, PUBLIC PRIVATE CACHE , RESPONSE CACHE TYPES , E TAG CACHE FLOWS","cache control header,directives, PUBLIC PRIVATE CACHE , RESPONSE CACHE TYPES , E TAG CACHE FLOWS","MATCH_EXACT","55","cache control header,directives, PUBLIC PRIVATE CACHE , RESPONSE CACHE TYPES , E TAG CACHE FLOWS.svg","cache control header,directives, PUBLIC PRIVATE CACHE , RESPONSE CACHE TYPES , E TAG CACHE FLOWS","1","proxy, server, vite dev server proxy; sheet hashset; sheet dict; cache control header,directives, PUBLIC PRIVATE CACHE , RESPONSE CACHE TYPES , E TAG CACHE FLOWS;outputcache layers, to use or not,locking, outputcache vs cdn"
"04","9","topic nots asp 4.pdf","","outputcache layers, to use or not,locking, outputcache vs cdn","outputcache layers, to use or not,locking, outputcache vs cdn","MATCH_EXACT","extra-002","outputcache layers, to use or not,locking, outputcache vs cdn.svg","outputcache-layers-to-use-or-not-locking-outputcache-vs-cdn","1","proxy, server, vite dev server proxy; sheet hashset; sheet dict; cache control header,directives, PUBLIC PRIVATE CACHE , RESPONSE CACHE TYPES , E TAG CACHE FLOWS;outputcache layers, to use or not,locking, outputcache vs cdn"
"04","10","topic nots asp 4.pdf","","SQL SERVER MARS","SQL SERVER MARS","MATCH_EXACT","14","SQL SERVER MARS.svg","sql-server-mars","1","SQL SERVER MARS;"
"04","11","topic nots asp 4.pdf","","ALL ABOUT REQ RES ,,,,,,,TYPES OF REQUEST CONTENT httpclient part, server part, pipereader pipewriter stream reader stream writer","ALL ABOUT REQ RES ,,,,,,,TYPES OF REQUEST CONTENT httpclient part, server part, pipereader pipewriter stream reader stream writer","MATCH_EXACT","46","ALL ABOUT REQ RES ,,,,,,,TYPES OF REQUEST CONTENT httpclient part,  server part, pipereader pipewriter stream reader stream writer.svg","ALL ABOUT REQ RES ,,,,,,,TYPES OF REQUEST CONTENT httpclient part,  server part, pipereader pipewriter stream reader stream writer","1","ALL ABOUT REQ RES ,,,,,,,TYPES OF REQUEST CONTENT httpclient part, server part, pipereader pipewriter stream reader stream writer"
"04","11","topic nots asp 4.pdf","","jsondocument, jsonnode, jsonelement, utf8jsonwriter","jsondocument, jsonnode, jsonelement, utf8jsonwriter","MATCH_EXACT","218","jsondocument, jsonnode, jsonelement, utf8jsonwriter.svg","jsondocument, jsonnode, jsonelement, utf8jsonwriter","1","jsondocument, jsonnode, jsonelement, utf8jsonwriter"
"04","12","topic nots asp 4.pdf","","sql syntax. sql server","sql syntax. sql server","MATCH_EXACT","extra-037","sql syntax. sql server.svg","sql-syntax-sql-server","1","sql syntax. sql server"
"04","13","topic nots asp 4.pdf","","onmodelcreating","onmodelcreating","MATCH_EXACT","230","onmodelcreating.svg","onmodelcreating","1","onmodelcreating"
"04","14","topic nots asp 4.pdf","","binary primitives","binary primitives","MATCH_EXACT","79","binary primitives.svg","binary primitives","1","binary primitives;utf8 string literal;implicit operators explicit operators;actiondescriptor,controlleractiondescriptor,endpoint,metadata, route or endpoint name, iapiendpointmetadata, ordered metadata;apibehavioroptions;xss, csp"
"04","14","topic nots asp 4.pdf","","utf8 string literal","utf8 string literal","MATCH_EXACT","57","utf8 string  literal.svg","utf8 string  literal","1","binary primitives;utf8 string literal;implicit operators explicit operators;actiondescriptor,controlleractiondescriptor,endpoint,metadata, route or endpoint name, iapiendpointmetadata, ordered metadata;apibehavioroptions;xss, csp"
"04","14","topic nots asp 4.pdf","","implicit operators explicit operators","implicit operators explicit operators","MATCH_EXACT","136","implicit operators  explicit operators.svg","implicit operators  explicit operators","1","binary primitives;utf8 string literal;implicit operators explicit operators;actiondescriptor,controlleractiondescriptor,endpoint,metadata, route or endpoint name, iapiendpointmetadata, ordered metadata;apibehavioroptions;xss, csp"
"04","14","topic nots asp 4.pdf","","actiondescriptor,controlleractiondescriptor,endpoint,metadata, route or endpoint name, iapiendpointmetadata, ordered metadata","actiondescriptor,controlleractiondescriptor,endpoint,metadata, route or endpoint name, iapiendpointmetadata, ordered metadata","MATCH_EXACT","155","actiondescriptor,controlleractiondescriptor,endpoint,metadata, route or endpoint name, iapiendpointmetadata, ordered metadata.svg","actiondescriptor-controlleractiondescriptor-endpoint-metadata-route-or-endpoint-name-iapiendpointmetadata-ordered-metadata","1","binary primitives;utf8 string literal;implicit operators explicit operators;actiondescriptor,controlleractiondescriptor,endpoint,metadata, route or endpoint name, iapiendpointmetadata, ordered metadata;apibehavioroptions;xss, csp"
"04","14","topic nots asp 4.pdf","","apibehavioroptions","apibehavioroptions","MATCH_EXACT","158","apibehavioroptions.svg","apibehavioroptions","1","binary primitives;utf8 string literal;implicit operators explicit operators;actiondescriptor,controlleractiondescriptor,endpoint,metadata, route or endpoint name, iapiendpointmetadata, ordered metadata;apibehavioroptions;xss, csp"
"04","14","topic nots asp 4.pdf","","xss, csp","xss, csp","MATCH_EXACT","extra-075","xss, csp.svg","xss, csp","1","binary primitives;utf8 string literal;implicit operators explicit operators;actiondescriptor,controlleractiondescriptor,endpoint,metadata, route or endpoint name, iapiendpointmetadata, ordered metadata;apibehavioroptions;xss, csp"
"04","15","topic nots asp 4.pdf","","cookies, general theo, plain cookie options,","cookies, general theo, plain cookie options,","MATCH_EXACT","86","cookies, general theo, plain cookie options.svg","cookies-general-theo-plain-cookie-options","1","cookies, general theo, plain cookie options,;cookies vs tokens sheet jswt in cookies;usecookiepolicy;cookies auth ON REDIRECT probmem details returning"
"04","15","topic nots asp 4.pdf","","cookies vs tokens sheet jswt in cookies","cookies vs tokens sheet jswt in cookies","MATCH_EXACT","178","cookies vs tokens sheet jswt in cookies.svg","cookies vs tokens sheet jswt in cookies","1","cookies, general theo, plain cookie options,;cookies vs tokens sheet jswt in cookies;usecookiepolicy;cookies auth ON REDIRECT probmem details returning"
"04","15","topic nots asp 4.pdf","","usecookiepolicy","usecookiepolicy","MATCH_EXACT","extra-064","usecookiepolicy.svg","usecookiepolicy","1","cookies, general theo, plain cookie options,;cookies vs tokens sheet jswt in cookies;usecookiepolicy;cookies auth ON REDIRECT probmem details returning"
"04","15","topic nots asp 4.pdf","","cookies auth ON REDIRECT probmem details returning","cookies auth ON REDIRECT probmem details returning","MATCH_EXACT","177","cookies auth ON REDIRECT  probmem details returning.svg","cookies auth ON REDIRECT  probmem details returning","1","cookies, general theo, plain cookie options,;cookies vs tokens sheet jswt in cookies;usecookiepolicy;cookies auth ON REDIRECT probmem details returning"
"04","16","topic nots asp 4.pdf","","principles,practises,patterns","principles,practises,patterns","MATCH_EXACT","100","principles,practises,patterns.svg","principles,practises,patterns","1","principles,practises,patterns;events,delegaates,action;conventions;claimstransformation;ef migrations, dotnet-counters;keyless entity type;composite key;alternate key;ef core performance, diagnostics , compiled linq, batching, n + 1"
"04","16","topic nots asp 4.pdf","","events,delegaates,action","events,delegaates,action","MATCH_EXACT","193","events,delegaates,action.svg","events,delegaates,action","1","principles,practises,patterns;events,delegaates,action;conventions;claimstransformation;ef migrations, dotnet-counters;keyless entity type;composite key;alternate key;ef core performance, diagnostics , compiled linq, batching, n + 1"
"04","16","topic nots asp 4.pdf","","conventions","conventions","MATCH_EXACT","176","conventions.svg","conventions","1","principles,practises,patterns;events,delegaates,action;conventions;claimstransformation;ef migrations, dotnet-counters;keyless entity type;composite key;alternate key;ef core performance, diagnostics , compiled linq, batching, n + 1"
"04","16","topic nots asp 4.pdf","","claimstransformation","claimstransformation","MATCH_EXACT","172","claimstransformation.svg","claimstransformation","1","principles,practises,patterns;events,delegaates,action;conventions;claimstransformation;ef migrations, dotnet-counters;keyless entity type;composite key;alternate key;ef core performance, diagnostics , compiled linq, batching, n + 1"
"04","16","topic nots asp 4.pdf","","ef migrations, dotnet-counters","ef migrations, dotnet-counters","MATCH_EXACT","47","ef migrations, dotnet-counters.svg","ef migrations, dotnet-counters","1","principles,practises,patterns;events,delegaates,action;conventions;claimstransformation;ef migrations, dotnet-counters;keyless entity type;composite key;alternate key;ef core performance, diagnostics , compiled linq, batching, n + 1"
"04","16","topic nots asp 4.pdf","","keyless entity type","keyless entity type","MATCH_EXACT","219","keyless entity type.svg","keyless entity type","1","principles,practises,patterns;events,delegaates,action;conventions;claimstransformation;ef migrations, dotnet-counters;keyless entity type;composite key;alternate key;ef core performance, diagnostics , compiled linq, batching, n + 1"
"04","16","topic nots asp 4.pdf","","composite key","composite key","MATCH_EXACT","39","composite key.svg","composite-key","1","principles,practises,patterns;events,delegaates,action;conventions;claimstransformation;ef migrations, dotnet-counters;keyless entity type;composite key;alternate key;ef core performance, diagnostics , compiled linq, batching, n + 1"
"04","16","topic nots asp 4.pdf","","alternate key","alternate key","MATCH_EXACT","78","alternate key.svg","alternate-key","1","principles,practises,patterns;events,delegaates,action;conventions;claimstransformation;ef migrations, dotnet-counters;keyless entity type;composite key;alternate key;ef core performance, diagnostics , compiled linq, batching, n + 1"
"04","16","topic nots asp 4.pdf","","ef core performance, diagnostics , compiled linq, batching, n + 1","ef core performance, diagnostics , compiled linq, batching, n + 1","MATCH_EXACT","27","ef core performance, diagnostics , compiled linq, batching, n + 1.svg","ef-core-performance-diagnostics-compiled-linq-batching-n-1","1","principles,practises,patterns;events,delegaates,action;conventions;claimstransformation;ef migrations, dotnet-counters;keyless entity type;composite key;alternate key;ef core performance, diagnostics , compiled linq, batching, n + 1"
"04","17","topic nots asp 4.pdf","","indexes, onmodel indexes","indexes, onmodel indexes","MATCH_EXACT","207","indexes, onmodel indexes.svg","indexes, onmodel indexes","1","indexes, onmodel indexes;views, idexed views;searching impl, ef core, full text search,sql server;"
"04","17","topic nots asp 4.pdf","","views, idexed views","views, idexed views","MATCH_EXACT","extra-071","views, idexed views.svg","views-idexed-views","1","indexes, onmodel indexes;views, idexed views;searching impl, ef core, full text search,sql server;"
"04","17","topic nots asp 4.pdf","","searching impl, ef core, full text search,sql server","searching impl, ef core, full text search,sql server","MATCH_EXACT","17","searching impl, ef core, full text search,sql server.svg","searching impl, ef core, full text search,sql server","1","indexes, onmodel indexes;views, idexed views;searching impl, ef core, full text search,sql server;"
"04","17","topic nots asp 4.pdf","","computed columns","computed columns","MATCH_EXACT","117","computed columns.svg","computed columns","1","computed columns;sqlserver,efcore, bulk,sqlbulkcopy;"
"04","17","topic nots asp 4.pdf","","sqlserver,efcore, bulk,sqlbulkcopy","sqlserver,efcore, bulk,sqlbulkcopy","MATCH_EXACT","extra-038","sqlserver,efcore, bulk,sqlbulkcopy.svg","sqlserver-efcore-bulk-sqlbulkcopy","1","computed columns;sqlserver,efcore, bulk,sqlbulkcopy;"
"04","17","topic nots asp 4.pdf","","- EF CORE GENERAL repo shit entity shit onmodelcreat shit transactions shit dbexceptions db level invariants,protection, trigger","- EF CORE GENERAL repo shit entity shit onmodelcreat shit transactions shit dbexceptions db level invariants,protection, trigger","MATCH_EXACT","152","- EF CORE GENERAL  repo shit   entity shit   onmodelcreat shit  transactions shit  dbexceptions   db level invariants,protection, trigger.svg","ef-core-general-repo-shit-entity-shit-onmodelcreat-shit-transactions-shit-dbexceptions-db-level-invariants-protection-trigger","1","- EF CORE GENERAL repo shit entity shit onmodelcreat shit transactions shit dbexceptions db level invariants,protection, trigger"