"month","day","source","topic","matchedFolders","details","block","anchorCount","foundAnchors","strongAnchors","autoVerdict","finalVerdict","manualNote","anchorEvidence"
"02","4","react or client.js.css area.pdf","string join;parse string to int, convert char;find index array string","string join | parse string to int, convert char | find index array string","","","0","0","0","CLEAR_WHOLE_CONSPECT","CLEAR_WHOLE_CONSPECT","",""
"02","4","react or client.js.css area.pdf","map and weakmap js;set js;","map and weakmap js | set js","","","0","0","0","CLEAR_WHOLE_CONSPECT","CLEAR_WHOLE_CONSPECT","",""
"02","5","react or client.js.css area.pdf","js sorting;js iterate, index;create array, fixed length;","js sorting | js iterate, index | create array, fixed length","","","0","0","0","CLEAR_WHOLE_CONSPECT","CLEAR_WHOLE_CONSPECT","",""
"02","6","react or client.js.css area.pdf","interseption observer; react render + useEffect; decorator;","interseption observer | react render + useEffect | decorator","","","0","0","0","CLEAR_WHOLE_CONSPECT","CLEAR_WHOLE_CONSPECT","",""
"02","7","asp area note 02.pdf","middleware, writeasjson","middleware-writeasjson","some basics of middleware, what u can capture in ctore from di as services? invoke method arguments di for middleware methods","","1","1","0","MOSTLY_LOCATABLE","MOSTLY_LOCATABLE","","details: some basics of middleware, what u can capture in ctore from di as services? invoke method arguments di for middleware methods => 0.67 middleware-writeasjson\regions\R01R02R03-middleware-writeasjson-final.md"
"02","7","react or client.js.css area.pdf","block scroll;FLAT FLATMAP","scroll block | FLAT FLATMAP","","","0","0","0","CLEAR_WHOLE_CONSPECT","CLEAR_WHOLE_CONSPECT","",""
"02","8","asp area note 02.pdf","allocations","allocations","what they mat cause for asp.net core app server","","1","1","1","CLEAR_TARGET_FOUND","CLEAR_TARGET_FOUND","","details: what they mat cause for asp.net core app server => 1.00 allocations\regions\R01R02R03R04-allocations-gc-low-allocation-patterns-final.md"
"02","8","asp area note 02.pdf","filters","filters","basics of filters, order,ordering,types of filters, what need to register in di and when, what filter classes can use and how they differ, interfaces vs specific filter classes","","1","1","1","CLEAR_TARGET_FOUND","CLEAR_TARGET_FOUND","","details: basics of filters, order,ordering,types of filters, what need to register in di and when, what filter classes can use and how they differ, interfaces vs specific filter classes => 0.80 filters\regions\R01-main-filters-theory-ordering-exception-di-factories.md"
"02","9","asp area note 02.pdf","scopes and idisposable","scopes and idisposable","basics, without deep dive into finalizers","","1","0","0","NOT_LOCATED_NEEDS_SVG_OR_MANUAL_BLOCK","MANUAL_CLEAR_TARGET_FOUND","Human-readable target is clear: repeat IDisposable/DI-scope basics, ownership, deterministic Dispose/using, scope disposal, and only high-level finalizer contrast. Do not do the deep finalizer regions. Use 05-stage5-corrected-source-preserving-transcript-v002.md R01/S-001..S-005 and 06-repetition-guide-v002.md mental model.","details: basics, without deep dive into finalizers => 0.33 scopes and idisposable\05-stage5-corrected-source-preserving-transcript-v002.md"
"02","9","asp area note 02.pdf","routing,route params tech info, custom constraints,router matching","routing-route-params-tech-info-custom-constraints-router-matching","","","0","0","0","CLEAR_WHOLE_CONSPECT","CLEAR_WHOLE_CONSPECT","",""
"02","9","react or client.js.css area.pdf","svg * ( fw_react)","svg react","","","0","0","0","CLEAR_WHOLE_CONSPECT","CLEAR_WHOLE_CONSPECT","",""
"02","10","asp area note 02.pdf","owned entity","owned entity","","","0","0","0","CLEAR_WHOLE_CONSPECT","CLEAR_WHOLE_CONSPECT","",""
"02","10","asp area note 02.pdf","automatic problem details from modelstate,apicontroller filter invalidmodelstateresponsefactory","automatic-problem-details-from-modelstate-apicontroller-filter-invalidmodelstateresponsefactory","","","0","0","0","CLEAR_WHOLE_CONSPECT","CLEAR_WHOLE_CONSPECT","",""
"02","10","asp area note 02.pdf","modelstate","modelstate","some basics, methods,properties, prefix explaination","","1","0","0","NOT_LOCATED_NEEDS_SVG_OR_MANUAL_BLOCK","MANUAL_CLEAR_TARGET_FOUND","Human-readable target is clear and found: modelstate/regions/modelstate-final.md has section 1 ModelState basics, section 3 TryValidateModel, and section 4 Prefixes/collections/repeated validation. This covers basics, methods/properties, and prefix explanation.","details: some basics, methods,properties, prefix explaination => 0.25 modelstate\00-source-check-and-boundary-review.md"
"02","10","react or client.js.css area.pdf","flex,centering etc;flex item ,flex shrinking","flex,centering etc | flex item ,flex shrinking","","","0","0","0","CLEAR_WHOLE_CONSPECT","CLEAR_WHOLE_CONSPECT","",""
"02","11","react or client.js.css area.pdf","stacking contexts, zindex","stacking contexts, zindex","","","0","0","0","CLEAR_WHOLE_CONSPECT","CLEAR_WHOLE_CONSPECT","",""
"02","12","asp area note 02.pdf","actiondescriptor,controlleractiondescriptor,endpoint,metadata, route or endpoint name, iapiendpointmetadata, ordered metadata","actiondescriptor-controlleractiondescriptor-endpoint-metadata-route-or-endpoint-name-iapiendpointmetadata-ordered-metadata","iendpointnamemetadata iroutenamemetadata","iendpointnamemetadata iroutenamemetadata","2","2","2","CLEAR_TARGET_FOUND","CLEAR_TARGET_FOUND","","block: iendpointnamemetadata iroutenamemetadata => 1.00 actiondescriptor-controlleractiondescriptor-endpoint-metadata-route-or-endpoint-name-iapiendpointmetadata-ordered-metadata\01-stage1-boundary-review.md || details: iendpointnamemetadata iroutenamemetadata => 1.00 actiondescriptor-controlleractiondescriptor-endpoint-metadata-route-or-endpoint-name-iapiendpointmetadata-ordered-metadata\01-stage1-boundary-review.md"
"02","12","react or client.js.css area.pdf","prog inline styles css;animation keyframes","prog inline styles css | animation keyframes","","","0","0","0","CLEAR_WHOLE_CONSPECT","CLEAR_WHOLE_CONSPECT","",""
"02","13","asp area note 02.pdf","fluent validation","fluent-validation","","","0","0","0","CLEAR_WHOLE_CONSPECT","CLEAR_WHOLE_CONSPECT","",""
"02","13","asp area note 02.pdf","ef has conversion, value converte,comparer","ef has conversion, value converte,comparer","here without QUERING WITH LIST OF PRIMITIVES","","1","1","1","CLEAR_TARGET_FOUND","CLEAR_TARGET_FOUND","","details: here without QUERING WITH LIST OF PRIMITIVES => 1.00 ef has conversion, value converte,comparer\04-transcript-R04-querying-primitive-lists-stored-as-json.md"
"02","13","react or client.js.css area.pdf","header max width, sticky,fixed","header max width, sticky,fixed","","","0","0","0","CLEAR_WHOLE_CONSPECT","CLEAR_WHOLE_CONSPECT","",""
"02","14","asp area note 02.pdf","BINDING SOURCE ATTRIBUTES; ROUTE PARAMS,QUERY STRING BASICS;ROUTING,ROUTE DESIGN, RESOURCES,ROUTING ALL GOOD PRACT IN GENERAL EXPLAINED","BINDING SOURCE ATTRIBUTES | ROUTE PARAMS,QUERY STRING BASICS | ROUTING,ROUTE DESIGN, RESOURCES,ROUTING ALL GOOD PRACT IN GENERAL EXPLAINED","","","0","0","0","CLEAR_WHOLE_CONSPECT","CLEAR_WHOLE_CONSPECT","",""
"02","14","asp area note 02.pdf","REST API BASICS","REST API BASICS","","FULL OVERVIEW OF METHODS; some basic things;some general base things;method safety/ idempotency","4","4","4","CLEAR_TARGET_FOUND","CLEAR_TARGET_FOUND","","block: FULL OVERVIEW OF METHODS => 1.00 REST API BASICS\data\source-to-transcript-map.csv || block: some basic things => 1.00 REST API BASICS\data\source-to-transcript-map.csv || block: some general base things => 1.00 REST API BASICS\data\source-to-transcript-map.csv || block: method safety/ idempotency => 1.00 REST API BASICS\01-final-transcript.md"
"02","14","asp area note 02.pdf","CREATION REQUEST,POST REQUEST,LOCACTION HEADER,CREATED AT","CREATION REQUEST,POST REQUEST,LOCACTION HEADER,CREATED AT","","","0","0","0","CLEAR_WHOLE_CONSPECT","CLEAR_WHOLE_CONSPECT","",""
"02","14","react or client.js.css area.pdf","scroll block","scroll block","","","0","0","0","CLEAR_WHOLE_CONSPECT","CLEAR_WHOLE_CONSPECT","",""
"02","15","asp area note 02.pdf","HEAD REQUEST; ROUTE NESTING","HEAD REQUEST | ROUTE NESTING","","","0","0","0","CLEAR_WHOLE_CONSPECT","CLEAR_WHOLE_CONSPECT","",""
"02","15","asp area note 02.pdf","ETAG, e tag;last modified header, implementation, expirational model","ETAG, e tag | last modified header, implementation, expirational model","","","0","0","0","CLEAR_WHOLE_CONSPECT","CLEAR_WHOLE_CONSPECT","",""
"02","15","asp area note 02.pdf","PUT,PATCH","PUT,PATCH","","","0","0","0","CLEAR_WHOLE_CONSPECT","CLEAR_WHOLE_CONSPECT","",""
"02","15","react or client.js.css area.pdf","BEM","BEM","","","0","0","0","CLEAR_WHOLE_CONSPECT","CLEAR_WHOLE_CONSPECT","",""
"02","16","asp area note 02.pdf","options requ;IVALIDATABLE OBJECT, VALIDATION ATTRIBUTES;FILTERING AND SEARCHING","options requ | IVALIDATABLE OBJECT, VALIDATION ATTRIBUTES | FILTERING AND SEARCHING","","","0","0","0","CLEAR_WHOLE_CONSPECT","CLEAR_WHOLE_CONSPECT","",""
"02","16","asp area note 02.pdf","REST API BASICS","REST API BASICS","","Validation;PATCH VALIDATION PROBLEM DET LOWER;PROBLEM DETAILS,","3","3","3","CLEAR_TARGET_FOUND","CLEAR_TARGET_FOUND","","block: Validation => 1.00 REST API BASICS\00-source-check-and-boundary-review.md || block: PATCH VALIDATION PROBLEM DET LOWER => 1.00 REST API BASICS\data\source-to-transcript-map.csv || block: PROBLEM DETAILS, => 1.00 REST API BASICS\00-source-check-and-boundary-review.md"
"02","16","asp area note 02.pdf","SORTING,MAPPING SERVICE","SORTING,MAPPING SERVICE","","","0","0","0","CLEAR_WHOLE_CONSPECT","CLEAR_WHOLE_CONSPECT","",""
"02","17","asp area note 02.pdf","PAGING;data shaping,expando;root document","PAGING | data shaping,expando | root document","","","0","0","0","CLEAR_WHOLE_CONSPECT","CLEAR_WHOLE_CONSPECT","",""
"02","17","asp area note 02.pdf","hateoas","hateoas","","","0","0","0","CLEAR_WHOLE_CONSPECT","CLEAR_WHOLE_CONSPECT","",""
"02","18","asp area note 02.pdf","CONTENT NEGOTIATION RES API,FORMATTERS, XML,JSON","CONTENT NEGOTIATION RES API,FORMATTERS, XML,JSON","","","0","0","0","CLEAR_WHOLE_CONSPECT","CLEAR_WHOLE_CONSPECT","",""
"02","18","asp area note 02.pdf","FULL CONTENT NEG + VALIDATION FLOW","FULL CONTENT NEG + VALIDATION FLOW","","","0","0","0","CLEAR_WHOLE_CONSPECT","CLEAR_WHOLE_CONSPECT","",""
"02","19","asp area note 02.pdf","vary header;cache control headers and response caching","vary header | cache control headers and response caching","","","0","0","0","CLEAR_WHOLE_CONSPECT","CLEAR_WHOLE_CONSPECT","",""
"02","19","asp area note 02.pdf","streaming","streaming","","streaming objects;""ASYNCENUMERABLE, WHY"" ;NDJSON,FLUSHASYNC FOR STREAMING OBJECTS,EXPLAINATION OF PLAIN ARRAY STREAMING VS NDJSON STREAMING BENEFITS AND USECASES WITH PLAIN ARRAY,","3","3","3","CLEAR_TARGET_FOUND","CLEAR_TARGET_FOUND","","block: streaming objects => 1.00 streaming\00-source-check-and-boundary-review.md || block: ASYNCENUMERABLE, WHY => 1.00 streaming\03-stage3-r03-streaming-objects-transcript.md || block: NDJSON,FLUSHASYNC FOR STREAMING OBJECTS,EXPLAINATION OF PLAIN ARRAY STREAMING VS NDJSON STREAMING BENEFITS AND USECASES WITH PLAIN ARRAY, => 1.00 streaming\data\image-uses-stage0.csv"
"02","19","asp area note 02.pdf","async processing of multiple calls,parallelism","async processing of multiple calls,parallelism","","Sumary -whole block with border","1","0","0","NOT_LOCATED_NEEDS_SVG_OR_MANUAL_BLOCK","MANUAL_CLEAR_TARGET_FOUND","Human-readable target is clear: the misspelled source label `Sumary -whole block with border` maps to the summary/selection-guide block. Use 09-full-combined-final-transcript.md section `## 12 Selection guide` plus nearby comparison of SemaphoreSlim + Task.WhenAll vs Parallel.ForEachAsync.","block: Sumary -whole block with border => 0.33 async processing of multiple calls,parallelism\data\text-elements-v002-closed.csv"
"02","19","asp area note 02.pdf","""cancellation,async""; valuetask;membernotnull attribute,NULL","cancellation,async | valuetask | membernotnull attribute,NULL","","","0","0","0","CLEAR_WHOLE_CONSPECT","CLEAR_WHOLE_CONSPECT","",""
"02","20","asp area note 02.pdf","problem details; FILTER,MIDDLEWARE CANCELLATION,REQUEST ABORTED; QS PREFERENCE WITH MULTIPLE ACCEPT HEADER VALUES HELPER","problem details | FILTER,MIDDLEWARE CANCELLATION,REQUEST ABORTED | qs-preference-with-multiple-accept-header-values-helper","","","0","0","0","CLEAR_WHOLE_CONSPECT","CLEAR_WHOLE_CONSPECT","",""
"02","21","asp area note 02.pdf","httpclient,summary,theory,base usage,jsonoptions wrapper,handlers","httpclient,summary,theory,base usage,jsonoptions wrapper,handlers","","","0","0","0","CLEAR_WHOLE_CONSPECT","CLEAR_WHOLE_CONSPECT","",""
"02","21","asp area note 02.pdf","MEDIA TYPES OF REQUESTS","MEDIA TYPES OF REQUESTS","","","0","0","0","CLEAR_WHOLE_CONSPECT","CLEAR_WHOLE_CONSPECT","",""
"02","22","asp area note 02.pdf","statuscodepages; EXCEPTION HANDLERS ,","statuscodepages | EXCEPTIONHANDLERS","","","0","0","0","CLEAR_WHOLE_CONSPECT","CLEAR_WHOLE_CONSPECT","",""
"02","22","asp area note 02.pdf","ALL ABOUT REQ RES ,,,,,,,TYPES OF REQUEST CONTENT httpclient part, server part, pipereader pipewriter stream reader stream writer","ALL ABOUT REQ RES ,,,,,,,TYPES OF REQUEST CONTENT httpclient part,  server part, pipereader pipewriter stream reader stream writer","","httpclient part - types, contenttype headers on content type not requestmessage, when reading response","1","1","1","CLEAR_TARGET_FOUND","CLEAR_TARGET_FOUND","","block: httpclient part - types, contenttype headers on content type not requestmessage, when reading response => 1.00 ALL ABOUT REQ RES ,,,,,,,TYPES OF REQUEST CONTENT httpclient part,  server part, pipereader pipewriter stream reader stream writer\01-R01-httpcontent-binding.md"
"02","23","asp area note 02.pdf","""when need to add content type, encoding"";compression,decompression,request,response;","when need to add content type, encoding | compression,decompression,request,response","","everything but only high level of block: handling multiple encodings (rarely implemented) is needed","1","1","0","MOSTLY_LOCATABLE","MOSTLY_LOCATABLE","","block: everything but only high level of block: handling multiple encodings (rarely implemented) is needed => 0.60 compression,decompression,request,response\data\svg-text-nodes-stage4-v001.csv"
"02","23","asp area note 02.pdf","ALL ABOUT REQ RES ,,,,,,,TYPES OF REQUEST CONTENT httpclient part, server part, pipereader pipewriter stream reader stream writer","ALL ABOUT REQ RES ,,,,,,,TYPES OF REQUEST CONTENT httpclient part,  server part, pipereader pipewriter stream reader stream writer","","httpclient part - sending json ;memorystream + stream content vs jsoncontent.create; new buffering sheet when you generally buffer full bytes of response using httpclient when you dont buffer full response and process as stream; buffering; using delegate handler to fix streaming issues + retries; jsoncontent.create/content-length issue transfer-encoding: chuncked;","6","6","6","CLEAR_TARGET_FOUND","CLEAR_TARGET_FOUND","","block: httpclient part - sending json => 1.00 ALL ABOUT REQ RES ,,,,,,,TYPES OF REQUEST CONTENT httpclient part,  server part, pipereader pipewriter stream reader stream writer\05-R05-base64-multipart.md || block: memorystream + stream content vs jsoncontent.create => 1.00 ALL ABOUT REQ RES ,,,,,,,TYPES OF REQUEST CONTENT httpclient part,  server part, pipereader pipewriter stream reader stream writer\01-R01-httpcontent-binding.md || block: new buffering sheet when you generally buffer full bytes of response using httpclient when you dont buffer full response and process as stream => 1.00 ALL ABOUT REQ RES ,,,,,,,TYPES OF REQUEST CONTENT httpclient part,  server part, pipereader pipewriter stream reader stream writer\data\text-elements-stage0-v001.csv || block: buffering => 1.00 ALL ABOUT REQ RES ,,,,,,,TYPES OF REQUEST CONTENT httpclient part,  server part, pipereader pipewriter stream reader stream writer\00-source-check-and-boundary-review.md || block: using delegate handler to fix streaming issues + retries => 1.00 ALL ABOUT REQ RES ,,,,,,,TYPES OF REQUEST CONTENT httpclient part,  server part, pipereader pipewriter stream reader stream writer\data\image-uses-stage0-v001.csv || block: jsoncontent.create/content-length issue transfer-encoding: chuncked => 1.00 ALL ABOUT REQ RES ,,,,,,,TYPES OF REQUEST CONTENT httpclient part,  server part, pipereader pipewriter stream reader stream writer\data\image-uses-stage0-v001.csv"
"02","23","asp area note 02.pdf","httpcontent,custom one, readasstream buffering, compression directly to network","httpcontent,custom one, readasstream buffering, compression directly to network","","","0","0","0","CLEAR_WHOLE_CONSPECT","CLEAR_WHOLE_CONSPECT","",""
"02","23","asp area note 02.pdf","streaming","streaming","","streaming bytes;different types of byte streams and usecases","2","2","2","CLEAR_TARGET_FOUND","CLEAR_TARGET_FOUND","","block: streaming bytes => 1.00 streaming\00-source-check-and-boundary-review.md || block: different types of byte streams and usecases => 1.00 streaming\data\image-uses-stage0.csv"
"02","24","asp area note 02.pdf","httpcontext items and features;Lazy;link generator;jsonconverter;","httpcontext items and features | Lazy | link generator | jsonconverter","","","0","0","0","CLEAR_WHOLE_CONSPECT","CLEAR_WHOLE_CONSPECT","",""
"02","25","asp area note 02.pdf","problem2; event source browser","problem2 | event source browser","","","0","0","0","CLEAR_WHOLE_CONSPECT","CLEAR_WHOLE_CONSPECT","",""
"02","25","asp area note 02.pdf","streaming","streaming","","SSE; sse examples body + event heartbeat; sse writer возможно стоит распределить лучше по дням из за неравномерности","3","2","2","PARTIAL_LOCATABLE_NEEDS_MANUAL_BOUNDARY","MANUAL_CLEAR_TARGET_FOUND","Target is now locally restored and found: R05 SSE / EventSource / server-side writer / heartbeat / reconnect is covered by streaming/regions/R05-sse-eventsource-writer-heartbeat-reconnect.md, restored from local extracted SVG/source images/contact sheet.","block: SSE => 1.00 streaming\00-source-check-and-boundary-review.md || block: sse examples body + event heartbeat => 0.80 streaming\data\image-uses-stage0.csv || block: sse writer возможно стоит распределить лучше по дням из за неравномерности => 0.40 streaming\00-source-check-and-boundary-review.md"
"03","1","area 03 asp.pdf","STRINGREADER; SYSTEM.TEXT.JSON SER SER;CUSTOM ROUTE CONSTRAINT;","STRINGREADER | SYSTEM.TEXT.JSON SER SER | CUSTOM ROUTE CONSTRAINT","","","0","0","0","CLEAR_WHOLE_CONSPECT","CLEAR_WHOLE_CONSPECT","",""
"03","1","react or client.js.css area.pdf","FETCH,FETCH AXIOS COMP, getch reader, httpclient comparison","FETCH,FETCH AXIOS COMP, getch reader, httpclient comparison","","","0","0","0","CLEAR_WHOLE_CONSPECT","CLEAR_WHOLE_CONSPECT","",""
"03","2","area 03 asp.pdf","shared polly,cheat sheet,production ready verions, exceptions from pipeline and handling","shared-polly-cheat-sheet-production-ready-verions-exceptions-from-pipeline-and-handling","","","0","0","0","CLEAR_WHOLE_CONSPECT","CLEAR_WHOLE_CONSPECT","",""
"03","2","react or client.js.css area.pdf","react root error, trigger useeffect on route change;axios","react root error, trigger useeffect on route change | axios","","","0","0","0","CLEAR_WHOLE_CONSPECT","CLEAR_WHOLE_CONSPECT","",""
"03","3","area 03 asp.pdf","outputcache, response cache comparison","outputcache, response cache comparison","","","0","0","0","CLEAR_WHOLE_CONSPECT","CLEAR_WHOLE_CONSPECT","",""
"03","3","react or client.js.css area.pdf","Rhf react hook form;zod","Rhf react hook form | zod","","","0","0","0","CLEAR_WHOLE_CONSPECT","CLEAR_WHOLE_CONSPECT","",""
"03","4","area 03 asp.pdf","imemorycache; idistributedcache;hybrydcache","imemorycache | idistributedcache | hybrydcache","","","0","0","0","CLEAR_WHOLE_CONSPECT","CLEAR_WHOLE_CONSPECT","",""
"03","4","area 03 asp.pdf","options pattern","options pattern","","","0","0","0","CLEAR_WHOLE_CONSPECT","CLEAR_WHOLE_CONSPECT","",""
"03","4","react or client.js.css area.pdf","react router","react router","","","0","0","0","CLEAR_WHOLE_CONSPECT","CLEAR_WHOLE_CONSPECT","",""
"03","5","area 03 asp.pdf","base mvc razor views example,tempdata viewdata viewbag, cache tag helper; tag helpers razor,partial;injecting into razor;viewcomponent;view discovery conventions;editor,display templates;return url implementation razor;istringlocalizer iviewlocalizer;jquery dynamic form validation;RAZOR PARTIAL UPDATES FOR VIEWCOMPONENT HTMX,AJAX","base-mvc-razor-views-example-tempdata-viewdata-viewbag-cache-tag-helper | tag helpers razor,partial | injecting into razor | viewcomponent | view discovery conventions | editor,display templates | return url implementation razor | istringlocalizer iviewlocalizer | jquery dynamic form validation | RAZOR PARTIAL UPDATES FOR VIEWCOMPONENT HTMX,AJAX","","","0","0","0","CLEAR_WHOLE_CONSPECT","CLEAR_WHOLE_CONSPECT","",""
"03","5","react or client.js.css area.pdf",";default values of funcs, how to call, rest params in funcs;never type, exhaustion check with discriminated union;type narrowing;index sign, keyof, type assertions, records to solve index sign issues;type aliases, unions,iterfaces","default values of funcs, how to call, rest params in funcs | never type, exhaustion check with discriminated union | type narrowing | index sign, keyof, type assertions, records to solve index sign issues | type aliases, unions,iterfaces","","","0","0","0","CLEAR_WHOLE_CONSPECT","CLEAR_WHOLE_CONSPECT","",""
"03","6","area 03 asp.pdf","- EF CORE GENERAL repo shit entity shit onmodelcreat shit transactions shit dbexceptions db level invariants,protection, trigger","ef-core-general-repo-shit-entity-shit-onmodelcreat-shit-transactions-shit-dbexceptions-db-level-invariants-protection-trigger","","so rep shit","1","1","1","CLEAR_TARGET_FOUND","CLEAR_TARGET_FOUND","","block: so rep shit => 1.00 ef-core-general-repo-shit-entity-shit-onmodelcreat-shit-transactions-shit-dbexceptions-db-level-invariants-protection-trigger\00-repo-conspects-check.md"
"03","6","area 03 asp.pdf","explicit interface inplementation;lazy loading","explicit interface inplementation | lazy loading","","","0","0","0","CLEAR_WHOLE_CONSPECT","CLEAR_WHOLE_CONSPECT","",""
"03","6","react or client.js.css area.pdf","redux;zustand;useReducer;react state and rerenders, store subscriptions","redux rtk | redux basics | zustand | useReducer | react state and rerenders, store subscriptions","","","0","0","0","CLEAR_WHOLE_CONSPECT","CLEAR_WHOLE_CONSPECT","",""
"03","7","area 03 asp.pdf","filters","filters","","exception filter; result after exec vs resource after action","2","2","2","CLEAR_TARGET_FOUND","CLEAR_TARGET_FOUND","","block: exception filter => 1.00 filters\00-source-check-and-boundary-review.md || block: result after exec vs resource after action => 1.00 filters\data\image-review-ledger-v001.csv"
"03","7","area 03 asp.pdf","ef has conversion, value converte,comparer","ef has conversion, value converte,comparer","","QUERING WITH LIST OF PRIMITIVES","1","1","1","CLEAR_TARGET_FOUND","CLEAR_TARGET_FOUND","","block: QUERING WITH LIST OF PRIMITIVES => 1.00 ef has conversion, value converte,comparer\04-transcript-R04-querying-primitive-lists-stored-as-json.md"
"03","7","area 03 asp.pdf","cookie auth, antiforgery;jwt auth;antiforgerytoken;cors vs anti forgery;usesyncexternalstore","cookie auth, antiforgery | jwt auth | antiforgerytoken | cors vs anti forgery | usesyncexternalstore","","","0","0","0","CLEAR_WHOLE_CONSPECT","CLEAR_WHOLE_CONSPECT","",""
"03","7","react or client.js.css area.pdf","usecontext;utility types;ctor type and instance type","usecontext | utility types | ctor type and instance type","","","0","0","0","CLEAR_WHOLE_CONSPECT","CLEAR_WHOLE_CONSPECT","",""
"03","8","area 03 asp.pdf","authenticaiton ticket, properties, context.User (claimsprincipal); AUTH EVENTS; AUTHORIZATION","authenticaiton ticket, properties, context.User (claimsprincipal) | AUTH EVENTS | AUTHORIZATION","","","0","0","0","CLEAR_WHOLE_CONSPECT","CLEAR_WHOLE_CONSPECT","",""
"03","8","react or client.js.css area.pdf","xhr;iframe,cross window communication,target;memory vs localstorage vs sessionstorage, session storage and local storage api methods","xhr | iframe,cross window communication,target | memory vs localstorage vs sessionstorage, session storage and local storage api methods","","","0","0","0","CLEAR_WHOLE_CONSPECT","CLEAR_WHOLE_CONSPECT","",""
"03","9","area 03 asp.pdf","authentication,, oidc, flows , handlers , forwarding auth events; authorization flow,autorization options, framework, authorizationmiddlewareresulthandler","authentication-oidc-flows-handlers-forwarding-auth-events | authorization-flow-autorization-options-framework-authorizationmiddlewareresulthandler","","","0","0","0","CLEAR_WHOLE_CONSPECT","CLEAR_WHOLE_CONSPECT","",""
"03","9","react or client.js.css area.pdf","react query,rquery","react query,rquery","","","0","0","0","CLEAR_WHOLE_CONSPECT","CLEAR_WHOLE_CONSPECT","",""
"03","10","area 03 asp.pdf","hashing;url save base 64 for db, hex string; adddataprotection, encryption, password recovery;account activation;content disposition header;donwloading files, blob,window.location,signed uri, showsavefilepicker createwritable","hashing | url save base 64 for db, hex string | adddataprotection, encryption, password recovery | account activation | content disposition header | donwloading files, blob,window.location,signed uri, showsavefilepicker createwritable","","","0","0","0","CLEAR_WHOLE_CONSPECT","CLEAR_WHOLE_CONSPECT","",""
"03","10","react or client.js.css area.pdf","promise.all;textdecoder, encoder, streaming and processing chunks, textdecoderstream of transformstream;uintarray,blob, arraybuffer,dataview,endianness;semaphoreslim for ts js, pending promise without resolve","promise.all | textdecoder, encoder, streaming and processing chunks, textdecoderstream of transformstream | uintarray,blob, arraybuffer,dataview,endianness | semaphoreslim for ts js, pending promise without resolve","","","0","0","0","CLEAR_WHOLE_CONSPECT","CLEAR_WHOLE_CONSPECT","",""
"03","11","area 03 asp.pdf","google recapcha and recapchas;mfa;identity;totp, summary,theory;creating base32 secret;","google recapcha and recapchas | mfa | identity | totp, summary,theory | creating base32 secret","","","0","0","0","CLEAR_WHOLE_CONSPECT","CLEAR_WHOLE_CONSPECT","",""
"03","11","react or client.js.css area.pdf","pipethrough,transformstream,pipeto,writablestream, readablestream;js yield, asyncenumerable, finally of generator","pipethrough,transformstream,pipeto,writablestream, readablestream | js yield, asyncenumerable, finally of generator","","","0","0","0","CLEAR_WHOLE_CONSPECT","CLEAR_WHOLE_CONSPECT","",""
"03","12","area 03 asp.pdf","manual account lockout,ratelimiter middleware, idatabase vs idist cache; redis,multiplexer,redis lock; working with bytes, streams to bytes, to array readexactly,readatleast;event source browser;","manual account lockout,ratelimiter middleware, idatabase vs idist cache | redis-multiplexer-redis-lock | working with bytes, streams to bytes, to array readexactly,readatleast | event source browser","","","0","0","0","CLEAR_WHOLE_CONSPECT","CLEAR_WHOLE_CONSPECT","",""
"03","12","react or client.js.css area.pdf","SVH DVH LVH;react strict mode;","SVH DVH LVH | react strict mode","","","0","0","0","CLEAR_WHOLE_CONSPECT","CLEAR_WHOLE_CONSPECT","",""
"03","13","area 03 asp.pdf","OIDC,OAUTH, IDENTITY SERVER,BFF,authtoken, authproperties; produces, consumes, input output formatters 406 415, vary accept,;windows auth","OIDC,OAUTH, IDENTITY SERVER,BFF,authtoken, authproperties | produces-consumes-input-output-formatters-406-415-vary-accept | windows-auth","","","0","0","0","CLEAR_WHOLE_CONSPECT","CLEAR_WHOLE_CONSPECT","",""
"03","13","react or client.js.css area.pdf","useTransition full flow, usedebounce, useDefferedvalue;usetransition,cancelling queries of rquery,cant cancel suspence query, batching transitions","useTransition full flow, usedebounce, useDefferedvalue | usetransition,cancelling queries of rquery,cant cancel suspence query, batching transitions","","","0","0","0","CLEAR_WHOLE_CONSPECT","CLEAR_WHOLE_CONSPECT","",""
"03","14","area 03 asp.pdf","websockets;useRef to avoid including into deps array, to avoid rerenders or bad recreations","websockets | useRef to avoid including into deps array, to avoid rerenders or bad recreations","","","0","0","0","CLEAR_WHOLE_CONSPECT","CLEAR_WHOLE_CONSPECT","",""
"03","15","area 03 asp.pdf","processing data as stream in dif situations, httpclient,endpoint,browser,websockets;","processing data as stream in dif situations, httpclient,endpoint,browser,websockets","","","0","0","0","CLEAR_WHOLE_CONSPECT","CLEAR_WHOLE_CONSPECT","",""
"03","16","area 03 asp.pdf","randomnumbergenerator;encoding, utf8, chunk processing,;returning iqueryable,problems when returning ienumerable without tolist, async enumerable problems,yield;hexadecimal base16 how to convert to bytes easily;decoding, bytes memory, start of x byte character","randomnumbergenerator | encoding, utf8, chunk processing | returning-iqueryable-problems-when-returning-ienumerable-without-tolist-async-enumerable-problems-yield | hexadecimal base16 how  to convert to bytes easily | decoding, bytes memory, start of x byte character","","","0","0","0","CLEAR_WHOLE_CONSPECT","CLEAR_WHOLE_CONSPECT","",""
"03","16","area 03 asp.pdf","ETAG, e tag","ETAG, e tag","","e tag for aggregate;etag flow, can browser store for later use or it needs to get etag on each response from server?;if match at client","3","3","3","CLEAR_TARGET_FOUND","CLEAR_TARGET_FOUND","","block: e tag for aggregate => 1.00 ETAG, e tag\00-source-check-and-boundary-review.md || block: etag flow, can browser store for later use or it needs to get etag on each response from server? => 1.00 ETAG, e tag\01-final-transcript.md || block: if match at client => 1.00 ETAG, e tag\01-final-transcript.md"
"03","17","area 03 asp.pdf","changetracker;","changetracker","","","0","0","0","CLEAR_WHOLE_CONSPECT","CLEAR_WHOLE_CONSPECT","",""
"03","18","area 03 asp.pdf","partially initialized antipattern and possible partial inits inside repositories;","partially initialized antipattern and possible partial inits inside repositories","","","0","0","0","CLEAR_WHOLE_CONSPECT","CLEAR_WHOLE_CONSPECT","",""
"03","18","area 03 asp.pdf","- EF CORE GENERAL repo shit entity shit onmodelcreat shit transactions shit dbexceptions db level invariants,protection, trigger","ef-core-general-repo-shit-entity-shit-onmodelcreat-shit-transactions-shit-dbexceptions-db-level-invariants-protection-trigger","","entities shit;nullable relationships;some onmodel creat hshit","3","3","3","CLEAR_TARGET_FOUND","CLEAR_TARGET_FOUND","","block: entities shit => 1.00 ef-core-general-repo-shit-entity-shit-onmodelcreat-shit-transactions-shit-dbexceptions-db-level-invariants-protection-trigger\01-stage0-boundary-review.md || block: nullable relationships => 1.00 ef-core-general-repo-shit-entity-shit-onmodelcreat-shit-transactions-shit-dbexceptions-db-level-invariants-protection-trigger\data\ef-core-general-image-review-ledger-v1.csv || block: some onmodel creat hshit => 1.00 ef-core-general-repo-shit-entity-shit-onmodelcreat-shit-transactions-shit-dbexceptions-db-level-invariants-protection-trigger\data\ef-core-general-image-review-ledger-v1.csv"
"03","19","area 03 asp.pdf","linq to sql;assplitquery;returning most specific passing most generic;encapsulating dbcontext;abstraction and encapsulation; linq join groupjoin groupby selectmany,selectmany second callback;query syntax","linq to sql | assplitquery | returning-most-specific-passing-most-generic | encapsulating-dbcontext | abstraction-and-encapsulation | linq-join-groupjoin-groupby-selectmany-selectmany-second-callback | linq-query-syntax","","","0","0","0","CLEAR_WHOLE_CONSPECT","CLEAR_WHOLE_CONSPECT","",""
"03","20","area 03 asp.pdf","transaction, isolation;ef core retry, savepoints","transaction, isolation | ef core retry, savepoints","","","0","0","0","CLEAR_WHOLE_CONSPECT","CLEAR_WHOLE_CONSPECT","",""
"03","20","area 03 asp.pdf","- EF CORE GENERAL repo shit entity shit onmodelcreat shit transactions shit dbexceptions db level invariants,protection, trigger","ef-core-general-repo-shit-entity-shit-onmodelcreat-shit-transactions-shit-dbexceptions-db-level-invariants-protection-trigger","","transactions;transaction patterns","2","2","2","CLEAR_TARGET_FOUND","CLEAR_TARGET_FOUND","","block: transactions => 1.00 ef-core-general-repo-shit-entity-shit-onmodelcreat-shit-transactions-shit-dbexceptions-db-level-invariants-protection-trigger\00-repo-conspects-check.md || block: transaction patterns => 1.00 ef-core-general-repo-shit-entity-shit-onmodelcreat-shit-transactions-shit-dbexceptions-db-level-invariants-protection-trigger\data\EF05-EF06-combined-boundary-review-stage10-v001.csv"
"03","21","area 03 asp.pdf","returning iqueryable,problems when returning ienumerable without tolist, async enumerable problems,yield;hashcode;equality;records;ref in out","returning-iqueryable-problems-when-returning-ienumerable-without-tolist-async-enumerable-problems-yield | hashcode | equality | records | ref in out","","","0","0","0","CLEAR_WHOLE_CONSPECT","CLEAR_WHOLE_CONSPECT","",""
"03","22","area 03 asp.pdf","channel; lock, monitor ; semaphoreslim vs channel","channel | lock-monitor | semaphoreslim vs channel","","","0","0","0","CLEAR_WHOLE_CONSPECT","CLEAR_WHOLE_CONSPECT","",""
"03","23","area 03 asp.pdf","primary httphandler optoins, socket;","primary httphandler optoins, socket","","","0","0","0","CLEAR_WHOLE_CONSPECT","CLEAR_WHOLE_CONSPECT","",""
"03","24","area 03 asp.pdf","dbcontext interseptors savechanges , dbcommand;dbset fromsql fromsqlraw fromsqlinterpolated and LINQ executeupdateasync and executedelete async,database.executesql executeraw,fromsqlquery","dbcontext interseptors savechanges , dbcommand | dbset fromsql fromsqlraw fromsqlinterpolated and LINQ executeupdateasync and executedelete async,database.executesql executeraw,fromsqlquery","","","0","0","0","CLEAR_WHOLE_CONSPECT","CLEAR_WHOLE_CONSPECT","",""
"03","25","area 03 asp.pdf","span,memory,stackalloc,stackoverflow,calculate bytes, unmanaged types","span,memory,stackalloc,stackoverflow,calculate bytes, unmanaged types","","","0","0","0","CLEAR_WHOLE_CONSPECT","CLEAR_WHOLE_CONSPECT","",""
"04","1","react or client.js.css area.pdf","pseudoel, pseudo with parents stacking context, darp popup on full screen pseudo el; useref, when need to have ref from obj created in useeffect + when need to access someting inside effect without incl into dep array","pseudoel, pseudo with parents stacking context, darp popup on full screen pseudo el | useref, when need to have ref from obj created in useeffect + when need to access someting inside effect without incl into dep array","","","0","0","0","CLEAR_WHOLE_CONSPECT","CLEAR_WHOLE_CONSPECT","",""
"04","1","topic nots asp 4.pdf","interlocked,interlocked.read; objectpool,arraypool,memorypool;dbcontextpool, queryfilter;query filters ef core;","interlocked,interlocked.read | objectpool,arraypool,memorypool | dbcontextpool, queryfilter | query filters ef core","","","0","0","0","CLEAR_WHOLE_CONSPECT","CLEAR_WHOLE_CONSPECT","",""
"04","2","react or client.js.css area.pdf","persistance, zustand,rquery,redux","persistance, zustand,rquery,redux","","","0","0","0","CLEAR_WHOLE_CONSPECT","CLEAR_WHOLE_CONSPECT","",""
"04","2","topic nots asp 4.pdf","stored procedures;rawconnections,dbconnection,sqlconnection,commands","stored procedures | rawconnections,dbconnection,sqlconnection,commands","","","0","0","0","CLEAR_WHOLE_CONSPECT","CLEAR_WHOLE_CONSPECT","",""
"04","3","react or client.js.css area.pdf","inset vs size,margins,formula;","inset vs size,margins,formula","","","0","0","0","CLEAR_WHOLE_CONSPECT","CLEAR_WHOLE_CONSPECT","",""
"04","3","topic nots asp 4.pdf","REFLECTION;time;problem2; jsondocument, jsonnode, jsonelement, utf8jsonwriter","REFLECTION | time | problem2 | jsondocument, jsonnode, jsonelement, utf8jsonwriter","","without utf8jsonwriter part","1","1","1","CLEAR_TARGET_FOUND","CLEAR_TARGET_FOUND","","block: without utf8jsonwriter part => 1.00 jsondocument, jsonnode, jsonelement, utf8jsonwriter\00-source-check-and-boundary-review.md"
"04","4","react or client.js.css area.pdf","set js;splice;not","set js | splice | not","","","0","0","0","CLEAR_WHOLE_CONSPECT","CLEAR_WHOLE_CONSPECT","",""
"04","4","topic nots asp 4.pdf","return new ();headers;basic auth;server resources,multipleinstances,microservices; ascii;","return new () | headers | basic auth | server resources,multipleinstances,microservices | ascii","","","0","0","0","CLEAR_WHOLE_CONSPECT","CLEAR_WHOLE_CONSPECT","",""
"04","5","topic nots asp 4.pdf","CORS","CORS","","","0","0","0","CLEAR_WHOLE_CONSPECT","CLEAR_WHOLE_CONSPECT","",""
"04","6","topic nots asp 4.pdf","ef core context.database, transaction object, savechanges, dbconnection,dbtransaction","ef-core-context-database-transaction-object-savechanges-dbconnection-dbtransaction","","","0","0","0","CLEAR_WHOLE_CONSPECT","CLEAR_WHOLE_CONSPECT","",""
"04","7","topic nots asp 4.pdf","filters","filters","","what wasnt covered before","1","1","0","MOSTLY_LOCATABLE","MOSTLY_LOCATABLE","","block: what wasnt covered before => 0.67 filters\regions\R01-main-filters-theory-ordering-exception-di-factories.md"
"04","7","topic nots asp 4.pdf","- EF CORE GENERAL repo shit entity shit onmodelcreat shit transactions shit dbexceptions db level invariants,protection, trigger","ef-core-general-repo-shit-entity-shit-onmodelcreat-shit-transactions-shit-dbexceptions-db-level-invariants-protection-trigger","","db exceptions concur;different sql server error codes, what can do with each;db/sql shit","3","3","3","CLEAR_TARGET_FOUND","CLEAR_TARGET_FOUND","","block: db exceptions concur => 1.00 ef-core-general-repo-shit-entity-shit-onmodelcreat-shit-transactions-shit-dbexceptions-db-level-invariants-protection-trigger\01-stage0-boundary-review.md || block: different sql server error codes, what can do with each => 1.00 ef-core-general-repo-shit-entity-shit-onmodelcreat-shit-transactions-shit-dbexceptions-db-level-invariants-protection-trigger\data\full-label-coverage-v002.csv || block: db/sql shit => 1.00 ef-core-general-repo-shit-entity-shit-onmodelcreat-shit-transactions-shit-dbexceptions-db-level-invariants-protection-trigger\data\ef-core-general-image-review-ledger-v1.csv"
"04","8","topic nots asp 4.pdf","server browser threads,memory, webworkers , runtime vs compiler , es;pointers; redis, idatabase,iserver;implicit operators explicit operators;","server browser threads,memory, webworkers , runtime vs compiler , es | pointers | redis, idatabase,iserver | implicit operators  explicit operators","","","0","0","0","CLEAR_WHOLE_CONSPECT","CLEAR_WHOLE_CONSPECT","",""
"04","9","topic nots asp 4.pdf","proxy, server, vite dev server proxy; sheet hashset; sheet dict; cache control header,directives, PUBLIC PRIVATE CACHE , RESPONSE CACHE TYPES , E TAG CACHE FLOWS;outputcache layers, to use or not,locking, outputcache vs cdn","proxy, server, vite dev server proxy | sheet hashset | sheet dict | cache control header,directives, PUBLIC PRIVATE CACHE , RESPONSE CACHE TYPES , E TAG CACHE FLOWS | outputcache-layers-to-use-or-not-locking-outputcache-vs-cdn","","","0","0","0","CLEAR_WHOLE_CONSPECT","CLEAR_WHOLE_CONSPECT","",""
"04","10","topic nots asp 4.pdf","SQL SERVER MARS;","sql-server-mars","","","0","0","0","CLEAR_WHOLE_CONSPECT","CLEAR_WHOLE_CONSPECT","",""
"04","11","topic nots asp 4.pdf","ALL ABOUT REQ RES ,,,,,,,TYPES OF REQUEST CONTENT httpclient part, server part, pipereader pipewriter stream reader stream writer","ALL ABOUT REQ RES ,,,,,,,TYPES OF REQUEST CONTENT httpclient part,  server part, pipereader pipewriter stream reader stream writer","","server - trying to inprove performance /memory through streams/pipes in server endpoint for plain json;writing;async enumerable type of optimisation without some ndjson or someting just a very big amount of objects;reading;stream reader;pipereader;sequencereader;stream writer;pipewriter;IBufferwriter, arraybufferwriter note: some duplication in server writing to the left bottom of it, but it shows logical branching to stream writer and pipewriter","10","10","9","MOSTLY_LOCATABLE","MOSTLY_LOCATABLE","","block: server - trying to inprove performance /memory through streams/pipes in server endpoint for plain json => 1.00 ALL ABOUT REQ RES ,,,,,,,TYPES OF REQUEST CONTENT httpclient part,  server part, pipereader pipewriter stream reader stream writer\data\image-uses-stage0-v001.csv || block: writing => 1.00 ALL ABOUT REQ RES ,,,,,,,TYPES OF REQUEST CONTENT httpclient part,  server part, pipereader pipewriter stream reader stream writer\00-source-check-and-boundary-review.md || block: async enumerable type of optimisation without some ndjson or someting just a very big amount of objects => 1.00 ALL ABOUT REQ RES ,,,,,,,TYPES OF REQUEST CONTENT httpclient part,  server part, pipereader pipewriter stream reader stream writer\data\text-elements-stage0-v001.csv || block: reading => 1.00 ALL ABOUT REQ RES ,,,,,,,TYPES OF REQUEST CONTENT httpclient part,  server part, pipereader pipewriter stream reader stream writer\00-source-check-and-boundary-review.md || block: stream reader => 1.00 ALL ABOUT REQ RES ,,,,,,,TYPES OF REQUEST CONTENT httpclient part,  server part, pipereader pipewriter stream reader stream writer\00-source-check-and-boundary-review.md || block: pipereader => 1.00 ALL ABOUT REQ RES ,,,,,,,TYPES OF REQUEST CONTENT httpclient part,  server part, pipereader pipewriter stream reader stream writer\00-source-check-and-boundary-review.md || block: sequencereader => 1.00 ALL ABOUT REQ RES ,,,,,,,TYPES OF REQUEST CONTENT httpclient part,  server part, pipereader pipewriter stream reader stream writer\00-source-check-and-boundary-review.md || block: stream writer => 1.00 ALL ABOUT REQ RES ,,,,,,,TYPES OF REQUEST CONTENT httpclient part,  server part, pipereader pipewriter stream reader stream writer\00-source-check-and-boundary-review.md || block: pipewriter => 1.00 ALL ABOUT REQ RES ,,,,,,,TYPES OF REQUEST CONTENT httpclient part,  server part, pipereader pipewriter stream reader stream writer\00-source-check-and-boundary-review.md || block: IBufferwriter, arraybufferwriter note: some duplication in server writing to the left bottom of it, but it shows logical branching to stream writer and pipewriter => 0.60 ALL ABOUT REQ RES ,,,,,,,TYPES OF REQUEST CONTENT httpclient part,  server part, pipereader pipewriter stream reader stream writer\14-full-transcript.md"
"04","11","topic nots asp 4.pdf","jsondocument, jsonnode, jsonelement, utf8jsonwriter","jsondocument, jsonnode, jsonelement, utf8jsonwriter","","utf8jsonwriter","1","1","1","CLEAR_TARGET_FOUND","CLEAR_TARGET_FOUND","","block: utf8jsonwriter => 1.00 jsondocument, jsonnode, jsonelement, utf8jsonwriter\00-source-check-and-boundary-review.md"
"04","12","topic nots asp 4.pdf","sql syntax. sql server","sql-syntax-sql-server","","","0","0","0","CLEAR_WHOLE_CONSPECT","CLEAR_WHOLE_CONSPECT","",""
"04","13","topic nots asp 4.pdf","onmodelcreating","onmodelcreating","","","0","0","0","CLEAR_WHOLE_CONSPECT","CLEAR_WHOLE_CONSPECT","",""
"04","14","topic nots asp 4.pdf","binary primitives;utf8 string literal;implicit operators explicit operators;actiondescriptor,controlleractiondescriptor,endpoint,metadata, route or endpoint name, iapiendpointmetadata, ordered metadata;apibehavioroptions;xss, csp","binary primitives | utf8 string  literal | implicit operators  explicit operators | actiondescriptor-controlleractiondescriptor-endpoint-metadata-route-or-endpoint-name-iapiendpointmetadata-ordered-metadata | apibehavioroptions | xss, csp","","","0","0","0","CLEAR_WHOLE_CONSPECT","CLEAR_WHOLE_CONSPECT","",""
"04","15","topic nots asp 4.pdf","cookies, general theo, plain cookie options,;cookies vs tokens sheet jswt in cookies;usecookiepolicy;cookies auth ON REDIRECT probmem details returning","cookies-general-theo-plain-cookie-options | cookies vs tokens sheet jswt in cookies | usecookiepolicy | cookies auth ON REDIRECT  probmem details returning","","","0","0","0","CLEAR_WHOLE_CONSPECT","CLEAR_WHOLE_CONSPECT","",""
"04","16","topic nots asp 4.pdf","principles,practises,patterns;events,delegaates,action;conventions;claimstransformation;ef migrations, dotnet-counters;keyless entity type;composite key;alternate key;ef core performance, diagnostics , compiled linq, batching, n + 1","principles,practises,patterns | events,delegaates,action | conventions | claimstransformation | ef migrations, dotnet-counters | keyless entity type | composite-key | alternate-key | ef-core-performance-diagnostics-compiled-linq-batching-n-1","","","0","0","0","CLEAR_WHOLE_CONSPECT","CLEAR_WHOLE_CONSPECT","",""
"04","17","topic nots asp 4.pdf","indexes, onmodel indexes;views, idexed views;searching impl, ef core, full text search,sql server;","indexes, onmodel indexes | views-idexed-views | searching impl, ef core, full text search,sql server","","","0","0","0","CLEAR_WHOLE_CONSPECT","CLEAR_WHOLE_CONSPECT","",""
"04","17","topic nots asp 4.pdf","computed columns;sqlserver,efcore, bulk,sqlbulkcopy;","computed columns | sqlserver-efcore-bulk-sqlbulkcopy","","","0","0","0","CLEAR_WHOLE_CONSPECT","CLEAR_WHOLE_CONSPECT","",""
"04","17","topic nots asp 4.pdf","- EF CORE GENERAL repo shit entity shit onmodelcreat shit transactions shit dbexceptions db level invariants,protection, trigger","ef-core-general-repo-shit-entity-shit-onmodelcreat-shit-transactions-shit-dbexceptions-db-level-invariants-protection-trigger","","db invariant handling strategies;uniqueindex on computed column;handle invariants with triggers note: make sure that at this point there is no unnoticed and unprocessed data left in all given conspects, at this point we should have all conspects fully processed into questions and everything, this part was the last one when big conspect could have some unprocessed area","3","3","2","MOSTLY_LOCATABLE","MOSTLY_LOCATABLE","","block: db invariant handling strategies => 1.00 ef-core-general-repo-shit-entity-shit-onmodelcreat-shit-transactions-shit-dbexceptions-db-level-invariants-protection-trigger\data\ef-core-general-image-review-ledger-v1.csv || block: uniqueindex on computed column => 1.00 ef-core-general-repo-shit-entity-shit-onmodelcreat-shit-transactions-shit-dbexceptions-db-level-invariants-protection-trigger\data\ef-core-general-image-review-ledger-v1.csv || block: handle invariants with triggers note: make sure that at this point there is no unnoticed and unprocessed data left in all given conspects, at this point we should have all conspects fully processed into questions and everything, this part was the last one when big conspect could have some unprocessed area => 0.61 ef-core-general-repo-shit-entity-shit-onmodelcreat-shit-transactions-shit-dbexceptions-db-level-invariants-protection-trigger\regions\EF01A-tracking-identity-map-no-tracking-identity-resolution.md"