"key","folders","rows","svgs"
"any in exists","any in exists","8 | workspace","any in exists.svg"
"balancing groups net","BALANCING GROUPS .NET","166 | workspace","BALANCING GROUPS .NET.svg"
"bitwise checking for all combinations","Bitwise checking for all combinations","168 | workspace","Bitwise checking for all combinations.svg"
"case insens collate","CASE INSENS,collate","85 | workspace","CASE INSENS,collate.svg"
"concatenate mult rows as aggr stuff string agg","CONCATENATE MULT ROWS AS AGGR,STUFF,STRING_AGG","174 | workspace","CONCATENATE MULT ROWS AS AGGR,STUFF,STRING_AGG.svg"
"contains startswith endswith","CONTAINS STARTSWITH ENDSWITH","175 | workspace","CONTAINS STARTSWITH ENDSWITH.svg"
"context","context","128 | workspace","context.svg"
"date","date","71 | workspace","date.svg"
"delete","delete","124 | workspace","delete.svg"
"enumerable static methods","Enumerable static methods","190 | workspace","Enumerable static methods.svg"
"exaustiveness check with sicr union for enums classes with inher","exaustiveness check with sicr union for enums,classes with inher","129 | workspace","exaustiveness check with sicr union for enums,classes with inher.svg"
"expandoobject","expandoobject","194 | workspace","expandoobject.svg"
"expression trees","EXPRESSION TREES","61 | workspace","EXPRESSION TREES.svg"
"formatting numeric formatting what can be formatted","formatting, numeric formatting, what can be formatted","200 | workspace","formatting, numeric formatting, what can be formatted.svg"
"in any exist some","in any exist, some","26 | workspace","in any exist, some.svg"
"inline flags sharp","inline flags sharp","209 | workspace","inline flags sharp.svg"
"jagged arr multidim arr cast boxing unboxing enumerable vs generic","jagged arr,multidim arr,cast boxing unboxing enumerable vs generic","212 | workspace","jagged arr,multidim arr,cast boxing unboxing enumerable vs generic.svg"
"js loops for for of entries index for in","js loops, for, for of, entries, index, for in","116 | workspace","js loops, for, for of, entries, index, for in.svg"
"js regex","js regex","215 | workspace","js regex.svg"
"js url safe encodeuri","js url safe, encodeuri","45 | workspace","js url safe, encodeuri.svg"
"last element","last element","220 | workspace","last element.svg"
"last element sharp","last element sharp","120 | workspace","last element sharp.svg"
"openjson","openjson","extra-001 | workspace","openjson.svg"
"pagination offset take","pagination offset take","extra-004 | workspace","pagination offset take.svg"
"parse string to int float double","parse string to int,float,double","extra-005 | workspace","parse string to int,float,double.svg"
"pivot unpivot","pivot unpivot","94 | workspace","pivot unpivot.svg"
"protocol","protocol","workspace",""
"range operations on list","range operations on list","extra-016 | workspace","range operations on list.svg"
"react query rerenders setting and getting data from cache outside of react","react query rerenders + setting and getting data from cache outside of react","105 | workspace","react query rerenders + setting and getting data from cache outside of react.svg"
"regex reusing compiled","regex, reusing, compiled","1 | workspace","regex, reusing, compiled.svg"
"remove from arr copy","remove from arr, copy","91 | workspace","remove from arr, copy.svg"
"replace","REPLACE","95 | workspace","REPLACE.svg"
"router and redirect tests","router and redirect tests","49 | workspace","router and redirect tests.svg"
"scroll block css","scroll block css","36 | workspace","scroll block css.svg"
"sharp regex options cond replace","sharp regex options  + COND REPLACE","extra-033 | workspace","sharp regex options  + COND REPLACE.svg"
"sheet exec order","sheet exec order","106 | workspace","sheet exec order.svg"
"sheet get last","sheet get last","extra-034 | workspace","sheet get last.svg"
"sheet regex sharp","sheet regex sharp","extra-036 | workspace","sheet regex sharp.svg"
"string case conversion tolower toupper invariant","STRING CASE CONVERSION, TOLOWER,TOUPPER,INVARIANT","extra-042 | workspace","STRING CASE CONVERSION, TOLOWER,TOUPPER,INVARIANT.svg"
"string format interpolation","STRING FORMAT,INTERPOLATION","extra-043 | workspace","STRING FORMAT,INTERPOLATION.svg"
"string index","STRING INDEX","extra-044 | workspace","STRING INDEX.svg"
"string padding","STRING PADDING","extra-046 | workspace","STRING PADDING.svg"
"string remove insert","STRING REMOVE INSERT","extra-047 | workspace","STRING REMOVE INSERT.svg"
"string sort","STRING SORT","extra-048 | workspace","STRING SORT.svg"
"string split","STRING SPLIT","extra-049 | workspace","STRING SPLIT.svg"
"string to char list","string to char list","extra-050 | workspace","string to char list.svg"
"string trim","STRING  TRIM","extra-041 | workspace","STRING  TRIM.svg"
"stringbuilder","STRINGBUILDER","extra-051 | workspace","STRINGBUILDER.svg"
"stringcomparer compare strings case insens","STRINGCOMPARER,compare strings case insens","extra-052 | workspace","STRINGCOMPARER,compare strings case insens.svg"
"struct span","struct span","extra-054 | workspace","struct span.svg"
"substring","SUBSTRING","28 | workspace","SUBSTRING.svg"
"svg","svg","68 | workspace","svg.svg"
"symbol","symbol","extra-057 | workspace","symbol.svg"
"typescript any unknown","typescript any unknown","extra-061 | workspace","typescript any unknown.svg"
"typescript ctor shortcut inheritance statics getters setters prop definite assertion","typescript ctor shortcut, inheritance, statics, getters,setters, prop! - definite assertion","22 | workspace","typescript ctor shortcut, inheritance, statics, getters,setters, prop! - definite assertion.svg"
"typescript explicit type annotations vs satisfies","typescript explicit type annotations vs satisfies","125 | workspace","typescript explicit type annotations vs satisfies.svg"
"typescript generic get prop from aray of users k extends keyof t","typescript generic get prop from aray of users, k extends keyof T","44 | workspace","typescript generic get prop from aray of users, k extends keyof T.svg"
"typescript generics default type arguments","typescript generics default type arguments","extra-062 | workspace","typescript generics default type arguments.svg"
"uselocation","uselocation","127 | workspace","uselocation.svg"
"vitest mocking","vitest mocking","37 | workspace","vitest mocking.svg"
"vitest test errors","vitest test errors","99 | workspace","vitest test errors.svg"
"vitst existance assert test","viTst existance assert test","103 | workspace","viTst existance assert test.svg"
"window funcs","window funcs","52 | workspace","window funcs.svg"
"xor operator","xor operator","62 | workspace","xor operator.svg"