conspect_slug,conspect_title,source_file,group_key,region,count,meaning
scopes-and-idisposable,Scopes And IDisposable,scopes and idisposable.svg,SCOPEIDISP-R01-disposable-lifetime-using-dispose,SCOPEIDISP-R01,8,"IDisposable basics: resource lifetime, using/await using, Dispose, deterministic cleanup, and why IDisposable is not garbage collection."
scopes-and-idisposable,Scopes And IDisposable,scopes and idisposable.svg,SCOPEIDISP-R02-di-scopes-services-scopefactory,SCOPEIDISP-R02,7,"Dependency Injection scopes: singleton/scoped/transient lifetimes, IServiceScope, IServiceScopeFactory, CreateScope, resolving scoped services, and scope disposal."
scopes-and-idisposable,Scopes And IDisposable,scopes and idisposable.svg,SCOPEIDISP-R03-background-tasks-leaks-pitfalls,SCOPEIDISP-R03,7,"Scope/Dispose pitfalls: capturing scoped service in singleton/background worker, leaking scopes, async disposal, service provider misuse, and ownership rules."
exception-handlers,Exception Handlers,EXCEPTIONHANDLERS.svg,EXHAND-R01-global-exception-middleware-useexceptionhandler,EXHAND-R01,8,"Global exception handling in ASP.NET Core: exception middleware, UseExceptionHandler, pipeline placement, fallback error endpoints, and unhandled exception flow."
exception-handlers,Exception Handlers,EXCEPTIONHANDLERS.svg,EXHAND-R02-iexceptionhandler-problemdetails-status-mapping,EXHAND-R02,8,"IExceptionHandler and ProblemDetails: custom handlers, TryHandleAsync, mapping exception types to status codes, response shape, and logging boundaries."
exception-handlers,Exception Handlers,EXCEPTIONHANDLERS.svg,EXHAND-R03-local-try-catch-domain-validation-pitfalls,EXHAND-R03,8,"Exception handling policy: local try/catch vs global handler, validation/domain exceptions, rethrowing, expected vs unexpected errors, and pitfalls."
httpcontent-custom-readasstream-buffering-compression,HttpContent Custom ReadAsStream Buffering Compression,"httpcontent,custom one, readasstream buffering, compression directly to network.svg",HTTPCONTENT-R01-httpcontent-basics-readasstream-buffering,HTTPCONTENT-R01,9,"HttpContent basics: content body abstraction, headers/content type, ReadAsStreamAsync, ReadAsByteArrayAsync, buffering behavior, and one-shot stream considerations."
httpcontent-custom-readasstream-buffering-compression,HttpContent Custom ReadAsStream Buffering Compression,"httpcontent,custom one, readasstream buffering, compression directly to network.svg",HTTPCONTENT-R02-custom-httpcontent-serialize-stream,HTTPCONTENT-R02,9,"Custom HttpContent: deriving from HttpContent, SerializeToStreamAsync, TryComputeLength, writing directly to outgoing stream, and avoiding pre-buffering."
httpcontent-custom-readasstream-buffering-compression,HttpContent Custom ReadAsStream Buffering Compression,"httpcontent,custom one, readasstream buffering, compression directly to network.svg",HTTPCONTENT-R03-compression-direct-to-network-disposal,HTTPCONTENT-R03,8,"Compression/streaming directly to network: gzip/deflate/Brotli streams, StreamContent vs custom content, Content-Encoding, disposal/lifetime, and backpressure."
