area,area_name,coverage_state,primary_knowledge_units,explicit_review_scope_units,mapping_boundary_cases,technology_core_units,responsibilities_total,responsibilities_partial,responsibilities_missing,assessment_basis
A01,Programming Models & Language Semantics,PARTIAL,95,95,0,93,15,10,5,Responsibility-first audit: Area remains PARTIAL because it has current evidence and at least one explicit MISSING generic responsibility; file counts do not prove completeness.
A02,Algorithms & Data Structures,PARTIAL,2,2,0,0,10,1,9,Responsibility-first audit: Area remains PARTIAL because it has current evidence and at least one explicit MISSING generic responsibility; file counts do not prove completeness.
A03,Concurrency & Asynchrony,PARTIAL,21,21,0,6,13,12,1,Responsibility-first audit: Area remains PARTIAL because it has current evidence and at least one explicit MISSING generic responsibility; file counts do not prove completeness.
A04,"Runtime, Operating Systems, Memory & Resources",PARTIAL,20,20,0,4,13,7,6,Responsibility-first audit: Area remains PARTIAL because it has current evidence and at least one explicit MISSING generic responsibility; file counts do not prove completeness.
A05,"Data Representation, Serialization & I/O",PARTIAL,46,46,0,19,11,8,3,Responsibility-first audit: Area remains PARTIAL because it has current evidence and at least one explicit MISSING generic responsibility; file counts do not prove completeness.
A06,"Networking, Protocols & API Semantics",PARTIAL,69,69,0,12,14,10,4,Responsibility-first audit: Area remains PARTIAL because it has current evidence and at least one explicit MISSING generic responsibility; file counts do not prove completeness.
A07,Application & Service Engineering,PARTIAL,59,59,0,32,11,8,3,Responsibility-first audit: Area remains PARTIAL because it has current evidence and at least one explicit MISSING generic responsibility; file counts do not prove completeness.
A08,"Client, Browser & UI Engineering",PARTIAL,92,92,0,81,13,12,1,Responsibility-first audit: Area remains PARTIAL because it has current evidence and at least one explicit MISSING generic responsibility; file counts do not prove completeness.
A09,Data & Persistence,PARTIAL,102,102,0,51,13,13,0,Responsibility-first audit: Area remains PARTIAL because it has current evidence and at least one explicit MISSING generic responsibility; file counts do not prove completeness.
A10,Distributed Systems & Resilience,PARTIAL,11,11,0,0,11,5,6,Responsibility-first audit: Area remains PARTIAL because it has current evidence and at least one explicit MISSING generic responsibility; file counts do not prove completeness.
A11,Architecture & Design,PARTIAL,5,5,0,0,9,3,6,Responsibility-first audit: Area remains PARTIAL because it has current evidence and at least one explicit MISSING generic responsibility; file counts do not prove completeness.
A12,Security & Identity,PARTIAL,46,46,0,19,12,8,4,Responsibility-first audit: Area remains PARTIAL because it has current evidence and at least one explicit MISSING generic responsibility; file counts do not prove completeness.
A13,"Testing, Debugging & Quality Engineering",PARTIAL,6,6,0,1,12,2,10,Responsibility-first audit: Area remains PARTIAL because it has current evidence and at least one explicit MISSING generic responsibility; file counts do not prove completeness.
A14,Software Lifecycle & Engineering Practice,PARTIAL,1,1,0,1,11,1,10,Responsibility-first audit: Area remains PARTIAL because it has current evidence and at least one explicit MISSING generic responsibility; file counts do not prove completeness.
A15,"Observability, Operations & Delivery",PARTIAL,1,1,0,0,15,1,14,Responsibility-first audit: Area remains PARTIAL because it has current evidence and at least one explicit MISSING generic responsibility; file counts do not prove completeness.
