question_id,kind,status,area,area_name,concept,question,disposition,expansion_priority,leverage,consequence,usefulness,external_recoverability,plan_slot,origin,integrated_result
Q-SE-001,OPEN_EXPANSION,OPEN,A14,Software Lifecycle & Engineering Practice,Software lifecycle baseline,"What minimum lifecycle/practice model should this knowledge base establish for requirements, source/configuration management, build/change flow, maintenance, compatibility, and technical debt?",UNSCHEDULED,HIGH,HIGH,MEDIUM,HIGH,HIGH,,"CS3 coverage had zero A14 primary Units; hierarchy pass now maps one dev-tooling Unit to A14, but the lifecycle/practice baseline remains largely uncovered.",
Q-SE-002,OPEN_EXPANSION,OPEN,A15,"Observability, Operations & Delivery",Operations baseline,"What baseline model should connect observability signals, SLI/SLO/error budgets, production readiness, release/rollback, incident response, and capacity?",UNSCHEDULED,HIGH,HIGH,HIGH,HIGH,HIGH,,CS3 coverage: A15 has one primary Knowledge Unit.,
Q-SE-003,OPEN_EXPANSION,OPEN,A13,"Testing, Debugging & Quality Engineering",Testing/debugging foundations,What general testing and debugging model should precede framework-specific test mechanics and production-specific diagnosis?,UNSCHEDULED,HIGH,HIGH,HIGH,HIGH,HIGH,,Map v3 + CS3: only five primary A13 Units.,
Q-SE-004,OPEN_EXPANSION,OPEN,A04,"Runtime, Operating Systems, Memory & Resources",OS/runtime foundations and symmetric manifestations,"Which process, OS, filesystem, memory, clock, and resource-lifecycle foundations are missing generically and across .NET, Node.js, and Python?",UNSCHEDULED,HIGH,HIGH,MEDIUM,HIGH,HIGH,,"Responsibility-first audit: generic runtime/OS gaps remain and the same baseline is absent across multiple runtime ecosystems, including .NET.",
Q-SE-005,OPEN_EXPANSION,OPEN,A12,Security & Identity,Threat modeling and secure lifecycle,What threat-modeling and secure-development baseline is missing despite strong authentication/authorization and browser-security knowledge?,UNSCHEDULED,HIGH,HIGH,HIGH,HIGH,HIGH,,Map v3 / legacy coverage both identify threat modeling and secure lifecycle gaps.,
Q-SE-006,OPEN_EXPANSION,OPEN,A02,Algorithms & Data Structures,Algorithms/data structures foundations,Which algorithms and data-structure foundations are required to turn the current two rolling-window examples into a coherent transferable Area?,UNSCHEDULED,MEDIUM,HIGH,MEDIUM,MEDIUM,HIGH,,CS3 coverage: A02 has two primary Knowledge Units.,
Q-SE-007,OPEN_EXPANSION,OPEN,A03,Concurrency & Asynchrony,Node concurrency manifestation,"How do Node event-loop/libuv scheduling, async I/O ownership, cancellation, and failure propagation map to the general concurrency model?",UNSCHEDULED,MEDIUM,HIGH,MEDIUM,MEDIUM,HIGH,,Map v3 explicitly identifies Node-specific event-loop/libuv behavior as a major gap.,
Q-SE-008,OPEN_EXPANSION,OPEN,A03,Concurrency & Asynchrony,Python concurrency manifestation,"How do Python asyncio tasks, cancellation, structured concurrency, threads, and processes map to the general concurrency model?",UNSCHEDULED,MEDIUM,HIGH,MEDIUM,MEDIUM,HIGH,,Map v3 explicitly identifies Python asyncio/thread/process behavior as a major gap.,
Q-SE-009,OPEN_EXPANSION,OPEN,A10,Distributed Systems & Resilience,Distributed systems foundations,"What consistency, replication, time/order, delivery-semantics, and coordination model should exist before technology-specific resilience mechanisms?",UNSCHEDULED,HIGH,HIGH,HIGH,MEDIUM,HIGH,,Map v3 notes that current evidence is stronger on resilience mechanisms than distributed-systems theory.,
Q-SE-010,OPEN_EXPANSION,OPEN,A11,Architecture & Design,Requirements / quality-attribute reasoning,How should requirements and quality attributes drive architecture decisions without becoming duplicate storage or separately maintained views?,UNSCHEDULED,MEDIUM,HIGH,MEDIUM,MEDIUM,HIGH,,Map v3 audit and current view principles make this an explicit architecture-boundary question.,
Q-SE-011,OPEN_EXPANSION,OPEN,A01,Programming Models & Language Semantics,Cross-language semantic foundations,"What transferable baseline for scope/binding, modules/name resolution, and error/failure semantics should exist across C#/.NET, JavaScript/Node.js, and Python before technology-specific details?",UNSCHEDULED,HIGH,HIGH,MEDIUM,HIGH,HIGH,,"Responsibility-first manifestation audit found the same foundational gaps across the current .NET-heavy corpus, Node.js, and Python.",
Q-SE-012,OPEN_EXPANSION,OPEN,A07,Application & Service Engineering,Backend host lifecycle manifestations,"How do .NET, Node.js, and Python application hosts implement startup, shutdown, process-signal handling, background work, and graceful termination relative to the generic host lifecycle?",UNSCHEDULED,HIGH,HIGH,MEDIUM,HIGH,HIGH,,"Responsibility-first audit exposed Application Host & Lifecycle as a generic gap and as a symmetric manifestation gap, including .NET.",
