area,area_name,nested_area,occupancy_state,primary_knowledge_units,assessment_basis
A01,Programming Models & Language Semantics,"Values, Types & Contracts",HAS_PRIMARY_EVIDENCE,46,Primary-occupancy projection: this broad nested Area has current primary-owned Units. Semantic completeness is assessed separately in RESPONSIBILITY_COVERAGE.csv.
A01,Programming Models & Language Semantics,"Functions, Control & Interaction",HAS_PRIMARY_EVIDENCE,7,Primary-occupancy projection: this broad nested Area has current primary-owned Units. Semantic completeness is assessed separately in RESPONSIBILITY_COVERAGE.csv.
A01,Programming Models & Language Semantics,"Collections, Iteration & Query Semantics",HAS_PRIMARY_EVIDENCE,31,Primary-occupancy projection: this broad nested Area has current primary-owned Units. Semantic completeness is assessed separately in RESPONSIBILITY_COVERAGE.csv.
A01,Programming Models & Language Semantics,"Objects, Composition & Metaprogramming",HAS_PRIMARY_EVIDENCE,10,Primary-occupancy projection: this broad nested Area has current primary-owned Units. Semantic completeness is assessed separately in RESPONSIBILITY_COVERAGE.csv.
A01,Programming Models & Language Semantics,Expressions & Evaluation,NO_PRIMARY_EVIDENCE,0,Primary-occupancy projection: this durable broad nested Area has no current primary-owned Unit. This is not itself a semantic MISSING verdict; use RESPONSIBILITY_COVERAGE.csv for responsibility-level gaps.
A01,Programming Models & Language Semantics,Modules & API Abstractions,HAS_PRIMARY_EVIDENCE,1,Primary-occupancy projection: this broad nested Area has current primary-owned Units. Semantic completeness is assessed separately in RESPONSIBILITY_COVERAGE.csv.
A02,Algorithms & Data Structures,Complexity & Correctness,NO_PRIMARY_EVIDENCE,0,Primary-occupancy projection: this durable broad nested Area has no current primary-owned Unit. This is not itself a semantic MISSING verdict; use RESPONSIBILITY_COVERAGE.csv for responsibility-level gaps.
A02,Algorithms & Data Structures,Data Structures,NO_PRIMARY_EVIDENCE,0,Primary-occupancy projection: this durable broad nested Area has no current primary-owned Unit. This is not itself a semantic MISSING verdict; use RESPONSIBILITY_COVERAGE.csv for responsibility-level gaps.
A02,Algorithms & Data Structures,Algorithmic Techniques,HAS_PRIMARY_EVIDENCE,2,Primary-occupancy projection: this broad nested Area has current primary-owned Units. Semantic completeness is assessed separately in RESPONSIBILITY_COVERAGE.csv.
A03,Concurrency & Asynchrony,Async Execution & Scheduling,HAS_PRIMARY_EVIDENCE,7,Primary-occupancy projection: this broad nested Area has current primary-owned Units. Semantic completeness is assessed separately in RESPONSIBILITY_COVERAGE.csv.
A03,Concurrency & Asynchrony,Cancellation & Time Bounds,HAS_PRIMARY_EVIDENCE,4,Primary-occupancy projection: this broad nested Area has current primary-owned Units. Semantic completeness is assessed separately in RESPONSIBILITY_COVERAGE.csv.
A03,Concurrency & Asynchrony,Synchronization & Memory Ordering,HAS_PRIMARY_EVIDENCE,6,Primary-occupancy projection: this broad nested Area has current primary-owned Units. Semantic completeness is assessed separately in RESPONSIBILITY_COVERAGE.csv.
A03,Concurrency & Asynchrony,Work Coordination & Backpressure,HAS_PRIMARY_EVIDENCE,4,Primary-occupancy projection: this broad nested Area has current primary-owned Units. Semantic completeness is assessed separately in RESPONSIBILITY_COVERAGE.csv.
A03,Concurrency & Asynchrony,"Threads, Processes & Parallelism",NO_PRIMARY_EVIDENCE,0,Primary-occupancy projection: this durable broad nested Area has no current primary-owned Unit. This is not itself a semantic MISSING verdict; use RESPONSIBILITY_COVERAGE.csv for responsibility-level gaps.
A04,"Runtime, Operating Systems, Memory & Resources",Runtime & Toolchain,HAS_PRIMARY_EVIDENCE,1,Primary-occupancy projection: this broad nested Area has current primary-owned Units. Semantic completeness is assessed separately in RESPONSIBILITY_COVERAGE.csv.
A04,"Runtime, Operating Systems, Memory & Resources",Runtime & OS Execution,NO_PRIMARY_EVIDENCE,0,Primary-occupancy projection: this durable broad nested Area has no current primary-owned Unit. This is not itself a semantic MISSING verdict; use RESPONSIBILITY_COVERAGE.csv for responsibility-level gaps.
A04,"Runtime, Operating Systems, Memory & Resources",Memory & Resource Lifecycle,HAS_PRIMARY_EVIDENCE,12,Primary-occupancy projection: this broad nested Area has current primary-owned Units. Semantic completeness is assessed separately in RESPONSIBILITY_COVERAGE.csv.
A04,"Runtime, Operating Systems, Memory & Resources",Time & Clocks,HAS_PRIMARY_EVIDENCE,7,Primary-occupancy projection: this broad nested Area has current primary-owned Units. Semantic completeness is assessed separately in RESPONSIBILITY_COVERAGE.csv.
A05,"Data Representation, Serialization & I/O",Data Representation,HAS_PRIMARY_EVIDENCE,13,Primary-occupancy projection: this broad nested Area has current primary-owned Units. Semantic completeness is assessed separately in RESPONSIBILITY_COVERAGE.csv.
A05,"Data Representation, Serialization & I/O","Parsing, Validation & Serialization",HAS_PRIMARY_EVIDENCE,17,Primary-occupancy projection: this broad nested Area has current primary-owned Units. Semantic completeness is assessed separately in RESPONSIBILITY_COVERAGE.csv.
A05,"Data Representation, Serialization & I/O",I/O & Streaming,HAS_PRIMARY_EVIDENCE,16,Primary-occupancy projection: this broad nested Area has current primary-owned Units. Semantic completeness is assessed separately in RESPONSIBILITY_COVERAGE.csv.
A06,"Networking, Protocols & API Semantics",Network & Transport Foundations,HAS_PRIMARY_EVIDENCE,9,Primary-occupancy projection: this broad nested Area has current primary-owned Units. Semantic completeness is assessed separately in RESPONSIBILITY_COVERAGE.csv.
A06,"Networking, Protocols & API Semantics",HTTP Semantics,HAS_PRIMARY_EVIDENCE,48,Primary-occupancy projection: this broad nested Area has current primary-owned Units. Semantic completeness is assessed separately in RESPONSIBILITY_COVERAGE.csv.
A06,"Networking, Protocols & API Semantics",API Contracts & Resource Semantics,HAS_PRIMARY_EVIDENCE,12,Primary-occupancy projection: this broad nested Area has current primary-owned Units. Semantic completeness is assessed separately in RESPONSIBILITY_COVERAGE.csv.
A07,Application & Service Engineering,Application Host & Lifecycle,NO_PRIMARY_EVIDENCE,0,Primary-occupancy projection: this durable broad nested Area has no current primary-owned Unit. This is not itself a semantic MISSING verdict; use RESPONSIBILITY_COVERAGE.csv for responsibility-level gaps.
A07,Application & Service Engineering,Request Pipeline & Endpoint Execution,HAS_PRIMARY_EVIDENCE,33,Primary-occupancy projection: this broad nested Area has current primary-owned Units. Semantic completeness is assessed separately in RESPONSIBILITY_COVERAGE.csv.
A07,Application & Service Engineering,Composition & Configuration,HAS_PRIMARY_EVIDENCE,6,Primary-occupancy projection: this broad nested Area has current primary-owned Units. Semantic completeness is assessed separately in RESPONSIBILITY_COVERAGE.csv.
A07,Application & Service Engineering,Service Concerns,HAS_PRIMARY_EVIDENCE,10,Primary-occupancy projection: this broad nested Area has current primary-owned Units. Semantic completeness is assessed separately in RESPONSIBILITY_COVERAGE.csv.
A07,Application & Service Engineering,Server Rendering & MVC,HAS_PRIMARY_EVIDENCE,10,Primary-occupancy projection: this broad nested Area has current primary-owned Units. Semantic completeness is assessed separately in RESPONSIBILITY_COVERAGE.csv.
A08,"Client, Browser & UI Engineering",Browser Platform,HAS_PRIMARY_EVIDENCE,14,Primary-occupancy projection: this broad nested Area has current primary-owned Units. Semantic completeness is assessed separately in RESPONSIBILITY_COVERAGE.csv.
A08,"Client, Browser & UI Engineering",UI Composition & Rendering,HAS_PRIMARY_EVIDENCE,12,Primary-occupancy projection: this broad nested Area has current primary-owned Units. Semantic completeness is assessed separately in RESPONSIBILITY_COVERAGE.csv.
A08,"Client, Browser & UI Engineering",Client Data & State,HAS_PRIMARY_EVIDENCE,42,Primary-occupancy projection: this broad nested Area has current primary-owned Units. Semantic completeness is assessed separately in RESPONSIBILITY_COVERAGE.csv.
A08,"Client, Browser & UI Engineering",Forms & Validation,HAS_PRIMARY_EVIDENCE,10,Primary-occupancy projection: this broad nested Area has current primary-owned Units. Semantic completeness is assessed separately in RESPONSIBILITY_COVERAGE.csv.
A08,"Client, Browser & UI Engineering",CSS & Visual Implementation,HAS_PRIMARY_EVIDENCE,13,Primary-occupancy projection: this broad nested Area has current primary-owned Units. Semantic completeness is assessed separately in RESPONSIBILITY_COVERAGE.csv.
A08,"Client, Browser & UI Engineering","Markup, Accessibility & Interaction",HAS_PRIMARY_EVIDENCE,1,Primary-occupancy projection: this broad nested Area has current primary-owned Units. Semantic completeness is assessed separately in RESPONSIBILITY_COVERAGE.csv.
A09,Data & Persistence,Data Modeling & Integrity,HAS_PRIMARY_EVIDENCE,2,Primary-occupancy projection: this broad nested Area has current primary-owned Units. Semantic completeness is assessed separately in RESPONSIBILITY_COVERAGE.csv.
A09,Data & Persistence,Query Semantics & SQL,HAS_PRIMARY_EVIDENCE,12,Primary-occupancy projection: this broad nested Area has current primary-owned Units. Semantic completeness is assessed separately in RESPONSIBILITY_COVERAGE.csv.
A09,Data & Persistence,Query Performance & Indexing,HAS_PRIMARY_EVIDENCE,11,Primary-occupancy projection: this broad nested Area has current primary-owned Units. Semantic completeness is assessed separately in RESPONSIBILITY_COVERAGE.csv.
A09,Data & Persistence,Transactions & Concurrency,HAS_PRIMARY_EVIDENCE,13,Primary-occupancy projection: this broad nested Area has current primary-owned Units. Semantic completeness is assessed separately in RESPONSIBILITY_COVERAGE.csv.
A09,Data & Persistence,Data Access & ORM,HAS_PRIMARY_EVIDENCE,48,Primary-occupancy projection: this broad nested Area has current primary-owned Units. Semantic completeness is assessed separately in RESPONSIBILITY_COVERAGE.csv.
A09,Data & Persistence,Caching & Derived State,HAS_PRIMARY_EVIDENCE,5,Primary-occupancy projection: this broad nested Area has current primary-owned Units. Semantic completeness is assessed separately in RESPONSIBILITY_COVERAGE.csv.
A09,Data & Persistence,Storage & Database Systems,HAS_PRIMARY_EVIDENCE,5,Primary-occupancy projection: this broad nested Area has current primary-owned Units. Semantic completeness is assessed separately in RESPONSIBILITY_COVERAGE.csv.
A09,Data & Persistence,Data Processing & Search,HAS_PRIMARY_EVIDENCE,3,Primary-occupancy projection: this broad nested Area has current primary-owned Units. Semantic completeness is assessed separately in RESPONSIBILITY_COVERAGE.csv.
A09,Data & Persistence,Other Data Systems,HAS_PRIMARY_EVIDENCE,3,Primary-occupancy projection: this broad nested Area has current primary-owned Units. Semantic completeness is assessed separately in RESPONSIBILITY_COVERAGE.csv.
A10,Distributed Systems & Resilience,Distributed Foundations & Scaling,HAS_PRIMARY_EVIDENCE,2,Primary-occupancy projection: this broad nested Area has current primary-owned Units. Semantic completeness is assessed separately in RESPONSIBILITY_COVERAGE.csv.
A10,Distributed Systems & Resilience,Messaging & Delivery,NO_PRIMARY_EVIDENCE,0,Primary-occupancy projection: this durable broad nested Area has no current primary-owned Unit. This is not itself a semantic MISSING verdict; use RESPONSIBILITY_COVERAGE.csv for responsibility-level gaps.
A10,Distributed Systems & Resilience,Coordination & Consistency,HAS_PRIMARY_EVIDENCE,2,Primary-occupancy projection: this broad nested Area has current primary-owned Units. Semantic completeness is assessed separately in RESPONSIBILITY_COVERAGE.csv.
A10,Distributed Systems & Resilience,Distributed Workflows & Consistency Patterns,NO_PRIMARY_EVIDENCE,0,Primary-occupancy projection: this durable broad nested Area has no current primary-owned Unit. This is not itself a semantic MISSING verdict; use RESPONSIBILITY_COVERAGE.csv for responsibility-level gaps.
A10,Distributed Systems & Resilience,Resilience & Traffic Control,HAS_PRIMARY_EVIDENCE,7,Primary-occupancy projection: this broad nested Area has current primary-owned Units. Semantic completeness is assessed separately in RESPONSIBILITY_COVERAGE.csv.
A11,Architecture & Design,Design Fundamentals,HAS_PRIMARY_EVIDENCE,2,Primary-occupancy projection: this broad nested Area has current primary-owned Units. Semantic completeness is assessed separately in RESPONSIBILITY_COVERAGE.csv.
A11,Architecture & Design,Domain & Boundary Design,HAS_PRIMARY_EVIDENCE,2,Primary-occupancy projection: this broad nested Area has current primary-owned Units. Semantic completeness is assessed separately in RESPONSIBILITY_COVERAGE.csv.
A11,Architecture & Design,Architectural Styles,NO_PRIMARY_EVIDENCE,0,Primary-occupancy projection: this durable broad nested Area has no current primary-owned Unit. This is not itself a semantic MISSING verdict; use RESPONSIBILITY_COVERAGE.csv for responsibility-level gaps.
A11,Architecture & Design,Architecture Reasoning,HAS_PRIMARY_EVIDENCE,1,Primary-occupancy projection: this broad nested Area has current primary-owned Units. Semantic completeness is assessed separately in RESPONSIBILITY_COVERAGE.csv.
A11,Architecture & Design,Design Patterns,NO_PRIMARY_EVIDENCE,0,Primary-occupancy projection: this durable broad nested Area has no current primary-owned Unit. This is not itself a semantic MISSING verdict; use RESPONSIBILITY_COVERAGE.csv for responsibility-level gaps.
A12,Security & Identity,Security Foundations,NO_PRIMARY_EVIDENCE,0,Primary-occupancy projection: this durable broad nested Area has no current primary-owned Unit. This is not itself a semantic MISSING verdict; use RESPONSIBILITY_COVERAGE.csv for responsibility-level gaps.
A12,Security & Identity,Identity & Access,HAS_PRIMARY_EVIDENCE,28,Primary-occupancy projection: this broad nested Area has current primary-owned Units. Semantic completeness is assessed separately in RESPONSIBILITY_COVERAGE.csv.
A12,Security & Identity,Application & Browser Security,HAS_PRIMARY_EVIDENCE,10,Primary-occupancy projection: this broad nested Area has current primary-owned Units. Semantic completeness is assessed separately in RESPONSIBILITY_COVERAGE.csv.
A12,Security & Identity,Cryptography & Credential Protection,HAS_PRIMARY_EVIDENCE,5,Primary-occupancy projection: this broad nested Area has current primary-owned Units. Semantic completeness is assessed separately in RESPONSIBILITY_COVERAGE.csv.
A12,Security & Identity,Secure Software Lifecycle,NO_PRIMARY_EVIDENCE,0,Primary-occupancy projection: this durable broad nested Area has no current primary-owned Unit. This is not itself a semantic MISSING verdict; use RESPONSIBILITY_COVERAGE.csv for responsibility-level gaps.
A12,Security & Identity,Security Architecture,HAS_PRIMARY_EVIDENCE,3,Primary-occupancy projection: this broad nested Area has current primary-owned Units. Semantic completeness is assessed separately in RESPONSIBILITY_COVERAGE.csv.
A13,"Testing, Debugging & Quality Engineering",Testing Strategy & Tooling,HAS_PRIMARY_EVIDENCE,5,Primary-occupancy projection: this broad nested Area has current primary-owned Units. Semantic completeness is assessed separately in RESPONSIBILITY_COVERAGE.csv.
A13,"Testing, Debugging & Quality Engineering",Test Design Techniques,NO_PRIMARY_EVIDENCE,0,Primary-occupancy projection: this durable broad nested Area has no current primary-owned Unit. This is not itself a semantic MISSING verdict; use RESPONSIBILITY_COVERAGE.csv for responsibility-level gaps.
A13,"Testing, Debugging & Quality Engineering",Specialized Testing,NO_PRIMARY_EVIDENCE,0,Primary-occupancy projection: this durable broad nested Area has no current primary-owned Unit. This is not itself a semantic MISSING verdict; use RESPONSIBILITY_COVERAGE.csv for responsibility-level gaps.
A13,"Testing, Debugging & Quality Engineering",Coverage & Quality,NO_PRIMARY_EVIDENCE,0,Primary-occupancy projection: this durable broad nested Area has no current primary-owned Unit. This is not itself a semantic MISSING verdict; use RESPONSIBILITY_COVERAGE.csv for responsibility-level gaps.
A13,"Testing, Debugging & Quality Engineering",Debugging & Diagnosis,HAS_PRIMARY_EVIDENCE,1,Primary-occupancy projection: this broad nested Area has current primary-owned Units. Semantic completeness is assessed separately in RESPONSIBILITY_COVERAGE.csv.
A13,"Testing, Debugging & Quality Engineering",Reviews,NO_PRIMARY_EVIDENCE,0,Primary-occupancy projection: this durable broad nested Area has no current primary-owned Unit. This is not itself a semantic MISSING verdict; use RESPONSIBILITY_COVERAGE.csv for responsibility-level gaps.
A14,Software Lifecycle & Engineering Practice,Requirements & Problem Definition,NO_PRIMARY_EVIDENCE,0,Primary-occupancy projection: this durable broad nested Area has no current primary-owned Unit. This is not itself a semantic MISSING verdict; use RESPONSIBILITY_COVERAGE.csv for responsibility-level gaps.
A14,Software Lifecycle & Engineering Practice,Construction & Change Practice,NO_PRIMARY_EVIDENCE,0,Primary-occupancy projection: this durable broad nested Area has no current primary-owned Unit. This is not itself a semantic MISSING verdict; use RESPONSIBILITY_COVERAGE.csv for responsibility-level gaps.
A14,Software Lifecycle & Engineering Practice,Source & Configuration Management,NO_PRIMARY_EVIDENCE,0,Primary-occupancy projection: this durable broad nested Area has no current primary-owned Unit. This is not itself a semantic MISSING verdict; use RESPONSIBILITY_COVERAGE.csv for responsibility-level gaps.
A14,Software Lifecycle & Engineering Practice,Maintenance & Evolution,NO_PRIMARY_EVIDENCE,0,Primary-occupancy projection: this durable broad nested Area has no current primary-owned Unit. This is not itself a semantic MISSING verdict; use RESPONSIBILITY_COVERAGE.csv for responsibility-level gaps.
A14,Software Lifecycle & Engineering Practice,Developer Workflow & Tooling,HAS_PRIMARY_EVIDENCE,1,Primary-occupancy projection: this broad nested Area has current primary-owned Units. Semantic completeness is assessed separately in RESPONSIBILITY_COVERAGE.csv.
A14,Software Lifecycle & Engineering Practice,Development Process & Technical Communication,NO_PRIMARY_EVIDENCE,0,Primary-occupancy projection: this durable broad nested Area has no current primary-owned Unit. This is not itself a semantic MISSING verdict; use RESPONSIBILITY_COVERAGE.csv for responsibility-level gaps.
A14,Software Lifecycle & Engineering Practice,Engineering Economics & Decision Basics,NO_PRIMARY_EVIDENCE,0,Primary-occupancy projection: this durable broad nested Area has no current primary-owned Unit. This is not itself a semantic MISSING verdict; use RESPONSIBILITY_COVERAGE.csv for responsibility-level gaps.
A15,"Observability, Operations & Delivery",Reliability Objectives,NO_PRIMARY_EVIDENCE,0,Primary-occupancy projection: this durable broad nested Area has no current primary-owned Unit. This is not itself a semantic MISSING verdict; use RESPONSIBILITY_COVERAGE.csv for responsibility-level gaps.
A15,"Observability, Operations & Delivery",Observability,NO_PRIMARY_EVIDENCE,0,Primary-occupancy projection: this durable broad nested Area has no current primary-owned Unit. This is not itself a semantic MISSING verdict; use RESPONSIBILITY_COVERAGE.csv for responsibility-level gaps.
A15,"Observability, Operations & Delivery",Reliability Operations,HAS_PRIMARY_EVIDENCE,1,Primary-occupancy projection: this broad nested Area has current primary-owned Units. Semantic completeness is assessed separately in RESPONSIBILITY_COVERAGE.csv.
A15,"Observability, Operations & Delivery",Automation & Operational Configuration,NO_PRIMARY_EVIDENCE,0,Primary-occupancy projection: this durable broad nested Area has no current primary-owned Unit. This is not itself a semantic MISSING verdict; use RESPONSIBILITY_COVERAGE.csv for responsibility-level gaps.
A15,"Observability, Operations & Delivery",Release Engineering & Delivery,NO_PRIMARY_EVIDENCE,0,Primary-occupancy projection: this durable broad nested Area has no current primary-owned Unit. This is not itself a semantic MISSING verdict; use RESPONSIBILITY_COVERAGE.csv for responsibility-level gaps.
A15,"Observability, Operations & Delivery",Infrastructure & Platform,NO_PRIMARY_EVIDENCE,0,Primary-occupancy projection: this durable broad nested Area has no current primary-owned Unit. This is not itself a semantic MISSING verdict; use RESPONSIBILITY_COVERAGE.csv for responsibility-level gaps.
A15,"Observability, Operations & Delivery",Production Operations,NO_PRIMARY_EVIDENCE,0,Primary-occupancy projection: this durable broad nested Area has no current primary-owned Unit. This is not itself a semantic MISSING verdict; use RESPONSIBILITY_COVERAGE.csv for responsibility-level gaps.
